replay_id,time_sec,y_true,y_pred,y_prob
00314b2c134beffcbfcc8e22d85efb3b.SC2Replay,135.0,0,0,0.49965059757232666
00314b2c134beffcbfcc8e22d85efb3b.SC2Replay,150.0,0,0,0.49965059757232666
00314b2c134beffcbfcc8e22d85efb3b.SC2Replay,165.0,0,0,0.49041876196861267
00314b2c134beffcbfcc8e22d85efb3b.SC2Replay,180.0,0,1,0.5043581128120422
00314b2c134beffcbfcc8e22d85efb3b.SC2Replay,195.0,0,0,0.49308669567108154
00314b2c134beffcbfcc8e22d85efb3b.SC2Replay,210.0,0,1,0.505699634552002
00314b2c134beffcbfcc8e22d85efb3b.SC2Replay,225.0,0,0,0.49041876196861267
00314b2c134beffcbfcc8e22d85efb3b.SC2Replay,240.0,0,1,0.505699634552002
00314b2c134beffcbfcc8e22d85efb3b.SC2Replay,255.0,0,1,0.5134462714195251
00314b2c134beffcbfcc8e22d85efb3b.SC2Replay,270.0,0,1,0.5403504967689514
00314b2c134beffcbfcc8e22d85efb3b.SC2Replay,300.0,0,1,0.5169652700424194
00314b2c134beffcbfcc8e22d85efb3b.SC2Replay,330.0,0,1,0.5169652700424194
00314b2c134beffcbfcc8e22d85efb3b.SC2Replay,345.0,0,1,0.5291334986686707
00314b2c134beffcbfcc8e22d85efb3b.SC2Replay,360.0,0,1,0.5169652700424194
00314b2c134beffcbfcc8e22d85efb3b.SC2Replay,390.0,0,1,0.5043581128120422
01329f1302353908a70a577b62245b7b.SC2Replay,150.0,1,1,0.5421954393386841
01329f1302353908a70a577b62245b7b.SC2Replay,165.0,1,1,0.5421954393386841
01329f1302353908a70a577b62245b7b.SC2Replay,210.0,1,1,0.537078857421875
01329f1302353908a70a577b62245b7b.SC2Replay,300.0,1,1,0.5260095596313477
01329f1302353908a70a577b62245b7b.SC2Replay,345.0,1,1,0.5425588488578796
01329f1302353908a70a577b62245b7b.SC2Replay,360.0,1,1,0.6198530793190002
01329f1302353908a70a577b62245b7b.SC2Replay,390.0,1,1,0.5980448722839355
01329f1302353908a70a577b62245b7b.SC2Replay,405.0,1,1,0.5169652700424194
01329f1302353908a70a577b62245b7b.SC2Replay,420.0,1,1,0.6124472618103027
01329f1302353908a70a577b62245b7b.SC2Replay,435.0,1,0,0.49161872267723083
01329f1302353908a70a577b62245b7b.SC2Replay,450.0,1,1,0.60322105884552
01329f1302353908a70a577b62245b7b.SC2Replay,480.0,1,1,0.5919403433799744
01329f1302353908a70a577b62245b7b.SC2Replay,510.0,1,1,0.5725449323654175
01329f1302353908a70a577b62245b7b.SC2Replay,525.0,1,1,0.5951507091522217
04063ef8312b4fc25525ad9bfbe5bc95.SC2Replay,135.0,0,1,0.5433993339538574
04063ef8312b4fc25525ad9bfbe5bc95.SC2Replay,150.0,0,1,0.5293636322021484
04063ef8312b4fc25525ad9bfbe5bc95.SC2Replay,165.0,0,1,0.5293636322021484
04063ef8312b4fc25525ad9bfbe5bc95.SC2Replay,180.0,0,1,0.5474174618721008
04063ef8312b4fc25525ad9bfbe5bc95.SC2Replay,195.0,0,1,0.5272878408432007
04063ef8312b4fc25525ad9bfbe5bc95.SC2Replay,210.0,0,1,0.5355720520019531
04063ef8312b4fc25525ad9bfbe5bc95.SC2Replay,225.0,0,1,0.5592148303985596
04063ef8312b4fc25525ad9bfbe5bc95.SC2Replay,240.0,0,1,0.5557391047477722
04063ef8312b4fc25525ad9bfbe5bc95.SC2Replay,315.0,0,1,0.568894624710083
04063ef8312b4fc25525ad9bfbe5bc95.SC2Replay,345.0,0,1,0.6209654808044434
04063ef8312b4fc25525ad9bfbe5bc95.SC2Replay,360.0,0,1,0.5309199094772339
04063ef8312b4fc25525ad9bfbe5bc95.SC2Replay,375.0,0,1,0.6275381445884705
04063ef8312b4fc25525ad9bfbe5bc95.SC2Replay,405.0,0,1,0.5735950469970703
04063ef8312b4fc25525ad9bfbe5bc95.SC2Replay,435.0,0,1,0.5779428482055664
04063ef8312b4fc25525ad9bfbe5bc95.SC2Replay,450.0,0,1,0.5323173403739929
04063ef8312b4fc25525ad9bfbe5bc95.SC2Replay,465.0,0,1,0.5342605710029602
04063ef8312b4fc25525ad9bfbe5bc95.SC2Replay,480.0,0,1,0.6356490254402161
04063ef8312b4fc25525ad9bfbe5bc95.SC2Replay,495.0,0,1,0.6073225736618042
04063ef8312b4fc25525ad9bfbe5bc95.SC2Replay,510.0,0,1,0.6141829490661621
04063ef8312b4fc25525ad9bfbe5bc95.SC2Replay,540.0,0,1,0.5436288118362427
04063ef8312b4fc25525ad9bfbe5bc95.SC2Replay,555.0,0,1,0.526302695274353
04063ef8312b4fc25525ad9bfbe5bc95.SC2Replay,585.0,0,1,0.5752110481262207
04063ef8312b4fc25525ad9bfbe5bc95.SC2Replay,615.0,0,1,0.5932344794273376
04063ef8312b4fc25525ad9bfbe5bc95.SC2Replay,630.0,0,1,0.5761263370513916
04063ef8312b4fc25525ad9bfbe5bc95.SC2Replay,645.0,0,1,0.613411009311676
04063ef8312b4fc25525ad9bfbe5bc95.SC2Replay,660.0,0,1,0.5982783436775208
04063ef8312b4fc25525ad9bfbe5bc95.SC2Replay,690.0,0,1,0.5268034338951111
04063ef8312b4fc25525ad9bfbe5bc95.SC2Replay,720.0,0,1,0.5792353749275208
04063ef8312b4fc25525ad9bfbe5bc95.SC2Replay,750.0,0,1,0.6193310618400574
04063ef8312b4fc25525ad9bfbe5bc95.SC2Replay,765.0,0,1,0.6275381445884705
04063ef8312b4fc25525ad9bfbe5bc95.SC2Replay,795.0,0,1,0.6275381445884705
04063ef8312b4fc25525ad9bfbe5bc95.SC2Replay,810.0,0,1,0.6030793190002441
04063ef8312b4fc25525ad9bfbe5bc95.SC2Replay,840.0,0,1,0.534883439540863
04063ef8312b4fc25525ad9bfbe5bc95.SC2Replay,855.0,0,1,0.6275381445884705
04063ef8312b4fc25525ad9bfbe5bc95.SC2Replay,900.0,0,1,0.5024451017379761
04063ef8312b4fc25525ad9bfbe5bc95.SC2Replay,915.0,0,1,0.5388414859771729
04063ef8312b4fc25525ad9bfbe5bc95.SC2Replay,930.0,0,1,0.5247881412506104
04063ef8312b4fc25525ad9bfbe5bc95.SC2Replay,1035.0,0,1,0.5043442249298096
04063ef8312b4fc25525ad9bfbe5bc95.SC2Replay,1050.0,0,0,0.4566406309604645
04063ef8312b4fc25525ad9bfbe5bc95.SC2Replay,1080.0,0,0,0.4712962806224823
04063ef8312b4fc25525ad9bfbe5bc95.SC2Replay,1125.0,0,0,0.48370546102523804
06970dec5e796a6aa311f05eb7142ca9.SC2Replay,135.0,1,1,0.5328346490859985
06970dec5e796a6aa311f05eb7142ca9.SC2Replay,150.0,1,1,0.5328346490859985
06970dec5e796a6aa311f05eb7142ca9.SC2Replay,165.0,1,1,0.5328346490859985
06970dec5e796a6aa311f05eb7142ca9.SC2Replay,180.0,1,1,0.5268069505691528
06970dec5e796a6aa311f05eb7142ca9.SC2Replay,195.0,1,0,0.49965059757232666
06970dec5e796a6aa311f05eb7142ca9.SC2Replay,210.0,1,1,0.5445180535316467
06970dec5e796a6aa311f05eb7142ca9.SC2Replay,225.0,1,1,0.5260022282600403
06970dec5e796a6aa311f05eb7142ca9.SC2Replay,270.0,1,1,0.5040177702903748
06970dec5e796a6aa311f05eb7142ca9.SC2Replay,285.0,1,1,0.5231620073318481
06970dec5e796a6aa311f05eb7142ca9.SC2Replay,315.0,1,1,0.5741928219795227
06970dec5e796a6aa311f05eb7142ca9.SC2Replay,330.0,1,1,0.5060914754867554
06970dec5e796a6aa311f05eb7142ca9.SC2Replay,390.0,1,1,0.558946430683136
06970dec5e796a6aa311f05eb7142ca9.SC2Replay,405.0,1,1,0.5328867435455322
06970dec5e796a6aa311f05eb7142ca9.SC2Replay,420.0,1,1,0.5546794533729553
06970dec5e796a6aa311f05eb7142ca9.SC2Replay,435.0,1,1,0.5381954312324524
06970dec5e796a6aa311f05eb7142ca9.SC2Replay,450.0,1,1,0.5160847902297974
06970dec5e796a6aa311f05eb7142ca9.SC2Replay,480.0,1,1,0.5254918932914734
06970dec5e796a6aa311f05eb7142ca9.SC2Replay,495.0,1,1,0.5151211023330688
06970dec5e796a6aa311f05eb7142ca9.SC2Replay,525.0,1,1,0.5030946731567383
06970dec5e796a6aa311f05eb7142ca9.SC2Replay,555.0,1,1,0.5030946731567383
06970dec5e796a6aa311f05eb7142ca9.SC2Replay,585.0,1,1,0.5192106366157532
06970dec5e796a6aa311f05eb7142ca9.SC2Replay,615.0,1,1,0.536902666091919
06970dec5e796a6aa311f05eb7142ca9.SC2Replay,630.0,1,0,0.49308669567108154
06970dec5e796a6aa311f05eb7142ca9.SC2Replay,675.0,1,1,0.5381954312324524
06970dec5e796a6aa311f05eb7142ca9.SC2Replay,705.0,1,0,0.49796855449676514
06970dec5e796a6aa311f05eb7142ca9.SC2Replay,720.0,1,1,0.5092393755912781
06970dec5e796a6aa311f05eb7142ca9.SC2Replay,735.0,1,1,0.5177569389343262
06970dec5e796a6aa311f05eb7142ca9.SC2Replay,750.0,1,0,0.4914051294326782
06970dec5e796a6aa311f05eb7142ca9.SC2Replay,765.0,1,1,0.5246639847755432
06970dec5e796a6aa311f05eb7142ca9.SC2Replay,780.0,1,1,0.5040177702903748
06970dec5e796a6aa311f05eb7142ca9.SC2Replay,825.0,1,1,0.6070457100868225
06970dec5e796a6aa311f05eb7142ca9.SC2Replay,855.0,1,1,0.6082103252410889
06970dec5e796a6aa311f05eb7142ca9.SC2Replay,870.0,1,1,0.5617707967758179
06970dec5e796a6aa311f05eb7142ca9.SC2Replay,885.0,1,1,0.5545316934585571
06970dec5e796a6aa311f05eb7142ca9.SC2Replay,915.0,1,1,0.5721351504325867
06970dec5e796a6aa311f05eb7142ca9.SC2Replay,960.0,1,1,0.594478189945221
06970dec5e796a6aa311f05eb7142ca9.SC2Replay,975.0,1,1,0.5642585754394531
06970dec5e796a6aa311f05eb7142ca9.SC2Replay,990.0,1,0,0.49097877740859985
06970dec5e796a6aa311f05eb7142ca9.SC2Replay,1005.0,1,0,0.49186211824417114
06970dec5e796a6aa311f05eb7142ca9.SC2Replay,1020.0,1,0,0.4805992543697357
06970dec5e796a6aa311f05eb7142ca9.SC2Replay,1035.0,1,0,0.49186211824417114
06970dec5e796a6aa311f05eb7142ca9.SC2Replay,1065.0,1,1,0.5734204053878784
06970dec5e796a6aa311f05eb7142ca9.SC2Replay,1080.0,1,0,0.4805992543697357
06970dec5e796a6aa311f05eb7142ca9.SC2Replay,1095.0,1,1,0.5187693238258362
06970dec5e796a6aa311f05eb7142ca9.SC2Replay,1125.0,1,1,0.5595595240592957
086d594f72ea12643635e4eb16550dad.SC2Replay,135.0,0,1,0.5122888684272766
086d594f72ea12643635e4eb16550dad.SC2Replay,150.0,0,1,0.57204669713974
086d594f72ea12643635e4eb16550dad.SC2Replay,165.0,0,1,0.5547279119491577
086d594f72ea12643635e4eb16550dad.SC2Replay,180.0,0,0,0.49965059757232666
086d594f72ea12643635e4eb16550dad.SC2Replay,195.0,0,0,0.49097877740859985
086d594f72ea12643635e4eb16550dad.SC2Replay,225.0,0,1,0.5022497177124023
086d594f72ea12643635e4eb16550dad.SC2Replay,240.0,0,0,0.49097877740859985
086d594f72ea12643635e4eb16550dad.SC2Replay,255.0,0,1,0.526302695274353
086d594f72ea12643635e4eb16550dad.SC2Replay,360.0,0,1,0.5150505900382996
086d594f72ea12643635e4eb16550dad.SC2Replay,375.0,0,1,0.5227888822555542
086d594f72ea12643635e4eb16550dad.SC2Replay,390.0,0,0,0.4805992543697357
086d594f72ea12643635e4eb16550dad.SC2Replay,420.0,0,0,0.47655391693115234
086d594f72ea12643635e4eb16550dad.SC2Replay,450.0,0,1,0.5548130869865417
086d594f72ea12643635e4eb16550dad.SC2Replay,465.0,0,1,0.5475515723228455
086d594f72ea12643635e4eb16550dad.SC2Replay,495.0,0,1,0.50798100233078
086d594f72ea12643635e4eb16550dad.SC2Replay,510.0,0,1,0.5424997806549072
086d594f72ea12643635e4eb16550dad.SC2Replay,525.0,0,1,0.50798100233078
086d594f72ea12643635e4eb16550dad.SC2Replay,555.0,0,1,0.5002771019935608
086d594f72ea12643635e4eb16550dad.SC2Replay,570.0,0,0,0.49759337306022644
0a616cb048be18015886a3104e692bba.SC2Replay,165.0,0,1,0.5547279119491577
0a616cb048be18015886a3104e692bba.SC2Replay,210.0,0,1,0.5552315711975098
0a616cb048be18015886a3104e692bba.SC2Replay,225.0,0,1,0.5203481912612915
0a616cb048be18015886a3104e692bba.SC2Replay,240.0,0,1,0.5040177702903748
0a616cb048be18015886a3104e692bba.SC2Replay,255.0,0,1,0.5203481912612915
0a616cb048be18015886a3104e692bba.SC2Replay,300.0,0,1,0.5446482300758362
0a616cb048be18015886a3104e692bba.SC2Replay,330.0,0,1,0.5154654383659363
0a616cb048be18015886a3104e692bba.SC2Replay,345.0,0,1,0.5253338813781738
0a616cb048be18015886a3104e692bba.SC2Replay,375.0,0,1,0.5088716149330139
0a616cb048be18015886a3104e692bba.SC2Replay,405.0,0,1,0.5429118275642395
0a616cb048be18015886a3104e692bba.SC2Replay,420.0,0,1,0.5289501547813416
0a616cb048be18015886a3104e692bba.SC2Replay,435.0,0,0,0.4866602122783661
0a616cb048be18015886a3104e692bba.SC2Replay,450.0,0,1,0.5360894799232483
0a616cb048be18015886a3104e692bba.SC2Replay,465.0,0,0,0.4805992543697357
0a616cb048be18015886a3104e692bba.SC2Replay,480.0,0,1,0.5449364185333252
0a616cb048be18015886a3104e692bba.SC2Replay,495.0,0,1,0.537853479385376
0a616cb048be18015886a3104e692bba.SC2Replay,510.0,0,0,0.4878148138523102
0a616cb048be18015886a3104e692bba.SC2Replay,525.0,0,0,0.4878148138523102
0a616cb048be18015886a3104e692bba.SC2Replay,540.0,0,0,0.4866602122783661
0a616cb048be18015886a3104e692bba.SC2Replay,555.0,0,1,0.5386859774589539
104ebedb8eba7720c6e49c5d1588354e.SC2Replay,135.0,1,1,0.505699634552002
104ebedb8eba7720c6e49c5d1588354e.SC2Replay,165.0,1,1,0.513408899307251
104ebedb8eba7720c6e49c5d1588354e.SC2Replay,195.0,1,1,0.505699634552002
104ebedb8eba7720c6e49c5d1588354e.SC2Replay,210.0,1,0,0.49965059757232666
104ebedb8eba7720c6e49c5d1588354e.SC2Replay,225.0,1,1,0.5454824566841125
104ebedb8eba7720c6e49c5d1588354e.SC2Replay,240.0,1,1,0.5040177702903748
104ebedb8eba7720c6e49c5d1588354e.SC2Replay,270.0,1,1,0.5117653012275696
104ebedb8eba7720c6e49c5d1588354e.SC2Replay,300.0,1,1,0.5152850151062012
104ebedb8eba7720c6e49c5d1588354e.SC2Replay,330.0,1,1,0.5169652700424194
104ebedb8eba7720c6e49c5d1588354e.SC2Replay,345.0,1,1,0.505699634552002
104ebedb8eba7720c6e49c5d1588354e.SC2Replay,360.0,1,1,0.5169652700424194
104ebedb8eba7720c6e49c5d1588354e.SC2Replay,390.0,1,1,0.5250030159950256
104ebedb8eba7720c6e49c5d1588354e.SC2Replay,405.0,1,1,0.5250030159950256
104ebedb8eba7720c6e49c5d1588354e.SC2Replay,450.0,1,1,0.5323173403739929
104ebedb8eba7720c6e49c5d1588354e.SC2Replay,495.0,1,0,0.4789199233055115
104ebedb8eba7720c6e49c5d1588354e.SC2Replay,510.0,1,0,0.489297479391098
104ebedb8eba7720c6e49c5d1588354e.SC2Replay,540.0,1,1,0.536902666091919
104ebedb8eba7720c6e49c5d1588354e.SC2Replay,555.0,1,1,0.5082982778549194
104ebedb8eba7720c6e49c5d1588354e.SC2Replay,570.0,1,0,0.489297479391098
104ebedb8eba7720c6e49c5d1588354e.SC2Replay,585.0,1,1,0.5192106366157532
104ebedb8eba7720c6e49c5d1588354e.SC2Replay,600.0,1,1,0.5856618285179138
104ebedb8eba7720c6e49c5d1588354e.SC2Replay,630.0,1,1,0.5357829332351685
104ebedb8eba7720c6e49c5d1588354e.SC2Replay,645.0,1,1,0.5284748077392578
104ebedb8eba7720c6e49c5d1588354e.SC2Replay,660.0,1,1,0.5241639614105225
147e5194d93ae495b4cc64554011cba9.SC2Replay,165.0,0,1,0.5328346490859985
147e5194d93ae495b4cc64554011cba9.SC2Replay,180.0,0,1,0.5430401563644409
147e5194d93ae495b4cc64554011cba9.SC2Replay,195.0,0,1,0.5328346490859985
147e5194d93ae495b4cc64554011cba9.SC2Replay,210.0,0,1,0.5419661402702332
147e5194d93ae495b4cc64554011cba9.SC2Replay,225.0,0,0,0.49308669567108154
147e5194d93ae495b4cc64554011cba9.SC2Replay,255.0,0,1,0.5111134052276611
147e5194d93ae495b4cc64554011cba9.SC2Replay,330.0,0,1,0.5474174618721008
147e5194d93ae495b4cc64554011cba9.SC2Replay,405.0,0,1,0.5095914602279663
147e5194d93ae495b4cc64554011cba9.SC2Replay,420.0,0,1,0.5539819598197937
147e5194d93ae495b4cc64554011cba9.SC2Replay,435.0,0,1,0.5066166520118713
147e5194d93ae495b4cc64554011cba9.SC2Replay,450.0,0,0,0.49133560061454773
147e5194d93ae495b4cc64554011cba9.SC2Replay,465.0,0,1,0.5695080161094666
147e5194d93ae495b4cc64554011cba9.SC2Replay,495.0,0,1,0.5066166520118713
147e5194d93ae495b4cc64554011cba9.SC2Replay,510.0,0,1,0.5007604360580444
147e5194d93ae495b4cc64554011cba9.SC2Replay,585.0,0,0,0.4789199233055115
147e5194d93ae495b4cc64554011cba9.SC2Replay,615.0,0,1,0.5178297758102417
147e5194d93ae495b4cc64554011cba9.SC2Replay,660.0,0,0,0.4789199233055115
147e5194d93ae495b4cc64554011cba9.SC2Replay,675.0,0,1,0.5580693483352661
147e5194d93ae495b4cc64554011cba9.SC2Replay,690.0,0,1,0.5840815901756287
147e5194d93ae495b4cc64554011cba9.SC2Replay,705.0,0,1,0.5355211496353149
147e5194d93ae495b4cc64554011cba9.SC2Replay,720.0,0,1,0.549497127532959
147e5194d93ae495b4cc64554011cba9.SC2Replay,750.0,0,1,0.5618892312049866
147e5194d93ae495b4cc64554011cba9.SC2Replay,765.0,0,1,0.5546503663063049
147e5194d93ae495b4cc64554011cba9.SC2Replay,810.0,0,1,0.5464363694190979
147e5194d93ae495b4cc64554011cba9.SC2Replay,825.0,0,1,0.5339760184288025
147e5194d93ae495b4cc64554011cba9.SC2Replay,870.0,0,0,0.47497910261154175
147e5194d93ae495b4cc64554011cba9.SC2Replay,885.0,0,0,0.4844406843185425
1c6526aee5d15e5ecbaa9f12485b56f7.SC2Replay,150.0,0,1,0.5370296835899353
1c6526aee5d15e5ecbaa9f12485b56f7.SC2Replay,195.0,0,1,0.5370296835899353
1c6526aee5d15e5ecbaa9f12485b56f7.SC2Replay,210.0,0,1,0.5175924301147461
1c6526aee5d15e5ecbaa9f12485b56f7.SC2Replay,240.0,0,1,0.5328346490859985
1c6526aee5d15e5ecbaa9f12485b56f7.SC2Replay,255.0,0,1,0.5268069505691528
1c6526aee5d15e5ecbaa9f12485b56f7.SC2Replay,330.0,0,1,0.5370296835899353
1c6526aee5d15e5ecbaa9f12485b56f7.SC2Replay,345.0,0,1,0.5370296835899353
1c6526aee5d15e5ecbaa9f12485b56f7.SC2Replay,360.0,0,1,0.561166524887085
1c6526aee5d15e5ecbaa9f12485b56f7.SC2Replay,375.0,0,1,0.5905563831329346
1c6526aee5d15e5ecbaa9f12485b56f7.SC2Replay,420.0,0,1,0.5780559778213501
1c6526aee5d15e5ecbaa9f12485b56f7.SC2Replay,435.0,0,1,0.5737051963806152
1c6526aee5d15e5ecbaa9f12485b56f7.SC2Replay,450.0,0,1,0.5783125162124634
1c6526aee5d15e5ecbaa9f12485b56f7.SC2Replay,465.0,0,1,0.5617707967758179
1c6526aee5d15e5ecbaa9f12485b56f7.SC2Replay,495.0,0,1,0.5892930030822754
1c6526aee5d15e5ecbaa9f12485b56f7.SC2Replay,510.0,0,1,0.5997510552406311
1c6526aee5d15e5ecbaa9f12485b56f7.SC2Replay,525.0,0,1,0.6035014986991882
1c6526aee5d15e5ecbaa9f12485b56f7.SC2Replay,540.0,0,1,0.5892930030822754
1c6526aee5d15e5ecbaa9f12485b56f7.SC2Replay,570.0,0,1,0.5892930030822754
1c6526aee5d15e5ecbaa9f12485b56f7.SC2Replay,720.0,0,1,0.5473688244819641
1c6526aee5d15e5ecbaa9f12485b56f7.SC2Replay,735.0,0,1,0.551861584186554
1c6526aee5d15e5ecbaa9f12485b56f7.SC2Replay,750.0,0,1,0.551861584186554
1c6526aee5d15e5ecbaa9f12485b56f7.SC2Replay,810.0,0,1,0.6367008090019226
1c6526aee5d15e5ecbaa9f12485b56f7.SC2Replay,825.0,0,1,0.6367008090019226
1c6526aee5d15e5ecbaa9f12485b56f7.SC2Replay,915.0,0,1,0.6261702179908752
1c6526aee5d15e5ecbaa9f12485b56f7.SC2Replay,930.0,0,0,0.4891720414161682
1c6526aee5d15e5ecbaa9f12485b56f7.SC2Replay,945.0,0,0,0.48797231912612915
1c6526aee5d15e5ecbaa9f12485b56f7.SC2Replay,960.0,0,1,0.5096494555473328
1c6526aee5d15e5ecbaa9f12485b56f7.SC2Replay,1020.0,0,0,0.4983421862125397
1c6526aee5d15e5ecbaa9f12485b56f7.SC2Replay,1035.0,0,1,0.5059786438941956
1c6526aee5d15e5ecbaa9f12485b56f7.SC2Replay,1050.0,0,1,0.5844829678535461
1c6526aee5d15e5ecbaa9f12485b56f7.SC2Replay,1080.0,0,1,0.6088448166847229
1c6526aee5d15e5ecbaa9f12485b56f7.SC2Replay,1095.0,0,1,0.5600321292877197
1c6526aee5d15e5ecbaa9f12485b56f7.SC2Replay,1110.0,0,1,0.551649272441864
1c6526aee5d15e5ecbaa9f12485b56f7.SC2Replay,1125.0,0,1,0.6088448166847229
1c6526aee5d15e5ecbaa9f12485b56f7.SC2Replay,1155.0,0,0,0.4689488708972931
1c6526aee5d15e5ecbaa9f12485b56f7.SC2Replay,1170.0,0,1,0.5833020806312561
1f4309b95db5d32b12fcbd7e699f95c4.SC2Replay,165.0,1,1,0.5381954312324524
1f4309b95db5d32b12fcbd7e699f95c4.SC2Replay,180.0,1,0,0.49041876196861267
1f4309b95db5d32b12fcbd7e699f95c4.SC2Replay,210.0,1,1,0.5454824566841125
1f4309b95db5d32b12fcbd7e699f95c4.SC2Replay,270.0,1,1,0.505699634552002
1f4309b95db5d32b12fcbd7e699f95c4.SC2Replay,300.0,1,1,0.5048311948776245
1f4309b95db5d32b12fcbd7e699f95c4.SC2Replay,315.0,1,1,0.5381954312324524
1f4309b95db5d32b12fcbd7e699f95c4.SC2Replay,330.0,1,1,0.505699634552002
1f4309b95db5d32b12fcbd7e699f95c4.SC2Replay,345.0,1,1,0.5040177702903748
1f4309b95db5d32b12fcbd7e699f95c4.SC2Replay,360.0,1,1,0.5381954312324524
1f4309b95db5d32b12fcbd7e699f95c4.SC2Replay,375.0,1,1,0.5454824566841125
1f4309b95db5d32b12fcbd7e699f95c4.SC2Replay,390.0,1,1,0.5381954312324524
1f4309b95db5d32b12fcbd7e699f95c4.SC2Replay,405.0,1,1,0.534395158290863
1f4309b95db5d32b12fcbd7e699f95c4.SC2Replay,450.0,1,1,0.5595341324806213
1f4309b95db5d32b12fcbd7e699f95c4.SC2Replay,465.0,1,1,0.5381954312324524
1f4309b95db5d32b12fcbd7e699f95c4.SC2Replay,525.0,1,1,0.5454824566841125
1f4309b95db5d32b12fcbd7e699f95c4.SC2Replay,540.0,1,1,0.5117653012275696
1f4309b95db5d32b12fcbd7e699f95c4.SC2Replay,555.0,1,0,0.4964852035045624
1f4309b95db5d32b12fcbd7e699f95c4.SC2Replay,585.0,1,0,0.4964852035045624
1f4309b95db5d32b12fcbd7e699f95c4.SC2Replay,600.0,1,1,0.5107386112213135
1f4309b95db5d32b12fcbd7e699f95c4.SC2Replay,615.0,1,1,0.5318933725357056
1f4309b95db5d32b12fcbd7e699f95c4.SC2Replay,630.0,1,1,0.5318933725357056
1f4309b95db5d32b12fcbd7e699f95c4.SC2Replay,660.0,1,1,0.5325581431388855
1f4309b95db5d32b12fcbd7e699f95c4.SC2Replay,690.0,1,1,0.5447525382041931
1f4309b95db5d32b12fcbd7e699f95c4.SC2Replay,705.0,1,1,0.5191498398780823
1f4309b95db5d32b12fcbd7e699f95c4.SC2Replay,720.0,1,1,0.5355793833732605
1f4309b95db5d32b12fcbd7e699f95c4.SC2Replay,750.0,1,1,0.5507466197013855
1f4309b95db5d32b12fcbd7e699f95c4.SC2Replay,780.0,1,1,0.5848506689071655
1f4309b95db5d32b12fcbd7e699f95c4.SC2Replay,825.0,1,1,0.586944043636322
1f4309b95db5d32b12fcbd7e699f95c4.SC2Replay,855.0,1,1,0.5919597148895264
1f4309b95db5d32b12fcbd7e699f95c4.SC2Replay,870.0,1,1,0.5315952301025391
1f4309b95db5d32b12fcbd7e699f95c4.SC2Replay,885.0,1,1,0.5651967525482178
1f4309b95db5d32b12fcbd7e699f95c4.SC2Replay,900.0,1,1,0.5392475128173828
1f4309b95db5d32b12fcbd7e699f95c4.SC2Replay,960.0,1,1,0.5169472694396973
1f4309b95db5d32b12fcbd7e699f95c4.SC2Replay,1020.0,1,0,0.489297479391098
1f4309b95db5d32b12fcbd7e699f95c4.SC2Replay,1155.0,1,0,0.49709632992744446
1f4309b95db5d32b12fcbd7e699f95c4.SC2Replay,1200.0,1,0,0.4784510135650635
1f4309b95db5d32b12fcbd7e699f95c4.SC2Replay,1215.0,1,1,0.517619788646698
1f4309b95db5d32b12fcbd7e699f95c4.SC2Replay,1245.0,1,0,0.4972762167453766
1f4309b95db5d32b12fcbd7e699f95c4.SC2Replay,1260.0,1,0,0.48797231912612915
1f4309b95db5d32b12fcbd7e699f95c4.SC2Replay,1290.0,1,0,0.4952198266983032
1f4309b95db5d32b12fcbd7e699f95c4.SC2Replay,1305.0,1,0,0.4956206679344177
20c0ba32e12625979139200b0f2197a4.SC2Replay,135.0,1,1,0.5710471272468567
20c0ba32e12625979139200b0f2197a4.SC2Replay,165.0,1,1,0.5989123582839966
20c0ba32e12625979139200b0f2197a4.SC2Replay,210.0,1,1,0.5381954312324524
20c0ba32e12625979139200b0f2197a4.SC2Replay,225.0,1,1,0.5454824566841125
20c0ba32e12625979139200b0f2197a4.SC2Replay,270.0,1,1,0.5522874593734741
20c0ba32e12625979139200b0f2197a4.SC2Replay,285.0,1,1,0.5381954312324524
20c0ba32e12625979139200b0f2197a4.SC2Replay,300.0,1,1,0.5381954312324524
20c0ba32e12625979139200b0f2197a4.SC2Replay,315.0,1,1,0.5454824566841125
20c0ba32e12625979139200b0f2197a4.SC2Replay,330.0,1,1,0.5522874593734741
20c0ba32e12625979139200b0f2197a4.SC2Replay,345.0,1,1,0.5152405500411987
20c0ba32e12625979139200b0f2197a4.SC2Replay,360.0,1,1,0.5522874593734741
20c0ba32e12625979139200b0f2197a4.SC2Replay,375.0,1,1,0.5522874593734741
20c0ba32e12625979139200b0f2197a4.SC2Replay,405.0,1,1,0.5522874593734741
20c0ba32e12625979139200b0f2197a4.SC2Replay,420.0,1,1,0.5595341324806213
20c0ba32e12625979139200b0f2197a4.SC2Replay,465.0,1,0,0.4995425343513489
20c0ba32e12625979139200b0f2197a4.SC2Replay,480.0,1,1,0.5060914754867554
20c0ba32e12625979139200b0f2197a4.SC2Replay,495.0,1,1,0.5361961126327515
20c0ba32e12625979139200b0f2197a4.SC2Replay,525.0,1,1,0.5357829332351685
20c0ba32e12625979139200b0f2197a4.SC2Replay,570.0,1,1,0.6178617477416992
20c0ba32e12625979139200b0f2197a4.SC2Replay,585.0,1,1,0.5708751082420349
20c0ba32e12625979139200b0f2197a4.SC2Replay,600.0,1,1,0.5636695623397827
20c0ba32e12625979139200b0f2197a4.SC2Replay,645.0,1,1,0.5973056554794312
20c0ba32e12625979139200b0f2197a4.SC2Replay,675.0,1,1,0.6123626828193665
20c0ba32e12625979139200b0f2197a4.SC2Replay,720.0,1,1,0.5844288468360901
21e0300409808a5bef050a0b2ed44e28.SC2Replay,135.0,0,1,0.5320708751678467
21e0300409808a5bef050a0b2ed44e28.SC2Replay,180.0,0,1,0.5769607424736023
21e0300409808a5bef050a0b2ed44e28.SC2Replay,195.0,0,1,0.5362668037414551
21e0300409808a5bef050a0b2ed44e28.SC2Replay,210.0,0,1,0.5320708751678467
21e0300409808a5bef050a0b2ed44e28.SC2Replay,240.0,0,1,0.5320708751678467
21e0300409808a5bef050a0b2ed44e28.SC2Replay,255.0,0,1,0.5487332940101624
21e0300409808a5bef050a0b2ed44e28.SC2Replay,330.0,0,1,0.590175211429596
21e0300409808a5bef050a0b2ed44e28.SC2Replay,345.0,0,1,0.5168201327323914
21e0300409808a5bef050a0b2ed44e28.SC2Replay,360.0,0,1,0.5764749050140381
21e0300409808a5bef050a0b2ed44e28.SC2Replay,450.0,0,1,0.5474306344985962
21e0300409808a5bef050a0b2ed44e28.SC2Replay,465.0,0,1,0.5177648663520813
21e0300409808a5bef050a0b2ed44e28.SC2Replay,480.0,0,1,0.5464375615119934
22d940f55b809c7ad56f9bcbd4524ccb.SC2Replay,135.0,0,1,0.5150505900382996
22d940f55b809c7ad56f9bcbd4524ccb.SC2Replay,150.0,0,1,0.5150505900382996
22d940f55b809c7ad56f9bcbd4524ccb.SC2Replay,165.0,0,1,0.526302695274353
22d940f55b809c7ad56f9bcbd4524ccb.SC2Replay,180.0,0,1,0.5546794533729553
22d940f55b809c7ad56f9bcbd4524ccb.SC2Replay,195.0,0,1,0.5474174618721008
22d940f55b809c7ad56f9bcbd4524ccb.SC2Replay,210.0,0,1,0.5449364185333252
22d940f55b809c7ad56f9bcbd4524ccb.SC2Replay,225.0,0,1,0.5474174618721008
22d940f55b809c7ad56f9bcbd4524ccb.SC2Replay,255.0,0,1,0.5048311948776245
22d940f55b809c7ad56f9bcbd4524ccb.SC2Replay,270.0,0,1,0.5048311948776245
22d940f55b809c7ad56f9bcbd4524ccb.SC2Replay,285.0,0,1,0.5964206457138062
22d940f55b809c7ad56f9bcbd4524ccb.SC2Replay,300.0,0,1,0.5160976648330688
22d940f55b809c7ad56f9bcbd4524ccb.SC2Replay,315.0,0,1,0.5160976648330688
22d940f55b809c7ad56f9bcbd4524ccb.SC2Replay,345.0,0,1,0.5117948651313782
22d940f55b809c7ad56f9bcbd4524ccb.SC2Replay,360.0,0,0,0.4987982213497162
22d940f55b809c7ad56f9bcbd4524ccb.SC2Replay,375.0,0,1,0.5999267101287842
22d940f55b809c7ad56f9bcbd4524ccb.SC2Replay,405.0,0,1,0.5992765426635742
22d940f55b809c7ad56f9bcbd4524ccb.SC2Replay,435.0,0,1,0.5999267101287842
22d940f55b809c7ad56f9bcbd4524ccb.SC2Replay,450.0,0,1,0.5429983735084534
22d940f55b809c7ad56f9bcbd4524ccb.SC2Replay,465.0,0,1,0.6136633157730103
22d940f55b809c7ad56f9bcbd4524ccb.SC2Replay,480.0,0,1,0.6193310618400574
22d940f55b809c7ad56f9bcbd4524ccb.SC2Replay,525.0,0,1,0.6193310618400574
22d940f55b809c7ad56f9bcbd4524ccb.SC2Replay,570.0,0,0,0.47423139214515686
22d940f55b809c7ad56f9bcbd4524ccb.SC2Replay,585.0,0,1,0.5831957459449768
22d940f55b809c7ad56f9bcbd4524ccb.SC2Replay,600.0,0,1,0.5218465924263
22d940f55b809c7ad56f9bcbd4524ccb.SC2Replay,630.0,0,1,0.5831957459449768
2500c4c438ff0a0d37dd976121b93bb5.SC2Replay,135.0,1,1,0.6150385737419128
2500c4c438ff0a0d37dd976121b93bb5.SC2Replay,165.0,1,1,0.6062185168266296
2500c4c438ff0a0d37dd976121b93bb5.SC2Replay,195.0,1,1,0.6089524626731873
2500c4c438ff0a0d37dd976121b93bb5.SC2Replay,210.0,1,1,0.6025116443634033
2500c4c438ff0a0d37dd976121b93bb5.SC2Replay,225.0,1,1,0.6214040517807007
2500c4c438ff0a0d37dd976121b93bb5.SC2Replay,240.0,1,1,0.5917451977729797
2500c4c438ff0a0d37dd976121b93bb5.SC2Replay,270.0,1,1,0.5949457883834839
2500c4c438ff0a0d37dd976121b93bb5.SC2Replay,285.0,1,1,0.5677156448364258
2500c4c438ff0a0d37dd976121b93bb5.SC2Replay,315.0,1,1,0.5554898381233215
2500c4c438ff0a0d37dd976121b93bb5.SC2Replay,330.0,1,1,0.5612359642982483
2500c4c438ff0a0d37dd976121b93bb5.SC2Replay,345.0,1,1,0.5520650744438171
2500c4c438ff0a0d37dd976121b93bb5.SC2Replay,375.0,1,1,0.5761290788650513
2500c4c438ff0a0d37dd976121b93bb5.SC2Replay,390.0,1,1,0.5761290788650513
2500c4c438ff0a0d37dd976121b93bb5.SC2Replay,420.0,1,1,0.5705177783966064
2500c4c438ff0a0d37dd976121b93bb5.SC2Replay,450.0,1,1,0.5646340847015381
2500c4c438ff0a0d37dd976121b93bb5.SC2Replay,465.0,1,1,0.589780867099762
2500c4c438ff0a0d37dd976121b93bb5.SC2Replay,495.0,1,1,0.5650002360343933
2500c4c438ff0a0d37dd976121b93bb5.SC2Replay,540.0,1,1,0.5819514989852905
2500c4c438ff0a0d37dd976121b93bb5.SC2Replay,555.0,1,1,0.5146083235740662
2500c4c438ff0a0d37dd976121b93bb5.SC2Replay,615.0,1,1,0.5389876365661621
2500c4c438ff0a0d37dd976121b93bb5.SC2Replay,630.0,1,1,0.5566354990005493
2500c4c438ff0a0d37dd976121b93bb5.SC2Replay,645.0,1,1,0.5819724798202515
2500c4c438ff0a0d37dd976121b93bb5.SC2Replay,660.0,1,1,0.5705177783966064
2500c4c438ff0a0d37dd976121b93bb5.SC2Replay,705.0,1,1,0.5620104074478149
2500c4c438ff0a0d37dd976121b93bb5.SC2Replay,720.0,1,1,0.576689600944519
2500c4c438ff0a0d37dd976121b93bb5.SC2Replay,735.0,1,1,0.5057280659675598
2500c4c438ff0a0d37dd976121b93bb5.SC2Replay,750.0,1,1,0.5403504967689514
2500c4c438ff0a0d37dd976121b93bb5.SC2Replay,765.0,1,1,0.5907905697822571
2500c4c438ff0a0d37dd976121b93bb5.SC2Replay,810.0,1,1,0.6136633157730103
2500c4c438ff0a0d37dd976121b93bb5.SC2Replay,825.0,1,1,0.5094320774078369
2500c4c438ff0a0d37dd976121b93bb5.SC2Replay,855.0,1,1,0.620485782623291
2500c4c438ff0a0d37dd976121b93bb5.SC2Replay,870.0,1,1,0.6245288848876953
27845416a951482e97e2d3be96ef3c53.SC2Replay,135.0,0,1,0.5766552686691284
27845416a951482e97e2d3be96ef3c53.SC2Replay,195.0,0,1,0.5833134055137634
27845416a951482e97e2d3be96ef3c53.SC2Replay,210.0,0,1,0.5918222665786743
27845416a951482e97e2d3be96ef3c53.SC2Replay,240.0,0,1,0.5531356334686279
27845416a951482e97e2d3be96ef3c53.SC2Replay,255.0,0,0,0.49041876196861267
27845416a951482e97e2d3be96ef3c53.SC2Replay,270.0,0,1,0.5322377681732178
27845416a951482e97e2d3be96ef3c53.SC2Replay,285.0,0,1,0.5403504967689514
27845416a951482e97e2d3be96ef3c53.SC2Replay,300.0,0,1,0.6219179034233093
27845416a951482e97e2d3be96ef3c53.SC2Replay,315.0,0,1,0.5646255016326904
27845416a951482e97e2d3be96ef3c53.SC2Replay,345.0,0,1,0.5057280659675598
27845416a951482e97e2d3be96ef3c53.SC2Replay,360.0,0,1,0.620485782623291
27845416a951482e97e2d3be96ef3c53.SC2Replay,375.0,0,1,0.6057628989219666
2860cfdc22d1799227c0709aebc42338.SC2Replay,135.0,1,1,0.5320708751678467
2860cfdc22d1799227c0709aebc42338.SC2Replay,165.0,1,1,0.5422787070274353
2860cfdc22d1799227c0709aebc42338.SC2Replay,210.0,1,1,0.5989123582839966
2860cfdc22d1799227c0709aebc42338.SC2Replay,240.0,1,1,0.5769607424736023
2860cfdc22d1799227c0709aebc42338.SC2Replay,255.0,1,1,0.6087343096733093
2860cfdc22d1799227c0709aebc42338.SC2Replay,270.0,1,1,0.6087343096733093
2860cfdc22d1799227c0709aebc42338.SC2Replay,315.0,1,1,0.6181117296218872
2860cfdc22d1799227c0709aebc42338.SC2Replay,330.0,1,1,0.5843289494514465
2860cfdc22d1799227c0709aebc42338.SC2Replay,345.0,1,1,0.5914406776428223
2860cfdc22d1799227c0709aebc42338.SC2Replay,360.0,1,1,0.5418527722358704
2860cfdc22d1799227c0709aebc42338.SC2Replay,375.0,1,1,0.5378351807594299
2860cfdc22d1799227c0709aebc42338.SC2Replay,435.0,1,1,0.5097866654396057
2860cfdc22d1799227c0709aebc42338.SC2Replay,495.0,1,0,0.49133560061454773
2860cfdc22d1799227c0709aebc42338.SC2Replay,510.0,1,1,0.5603379011154175
2860cfdc22d1799227c0709aebc42338.SC2Replay,540.0,1,1,0.5462504625320435
2860cfdc22d1799227c0709aebc42338.SC2Replay,555.0,1,1,0.5389652848243713
2860cfdc22d1799227c0709aebc42338.SC2Replay,570.0,1,1,0.5368902087211609
2860cfdc22d1799227c0709aebc42338.SC2Replay,600.0,1,0,0.460955947637558
2860cfdc22d1799227c0709aebc42338.SC2Replay,630.0,1,1,0.5127149820327759
2860cfdc22d1799227c0709aebc42338.SC2Replay,645.0,1,0,0.4805075228214264
2860cfdc22d1799227c0709aebc42338.SC2Replay,675.0,1,1,0.543756902217865
2860cfdc22d1799227c0709aebc42338.SC2Replay,690.0,1,1,0.6241744160652161
2860cfdc22d1799227c0709aebc42338.SC2Replay,705.0,1,1,0.578135073184967
2860cfdc22d1799227c0709aebc42338.SC2Replay,720.0,1,1,0.5689135193824768
2860cfdc22d1799227c0709aebc42338.SC2Replay,735.0,1,1,0.5603379011154175
2860cfdc22d1799227c0709aebc42338.SC2Replay,750.0,1,1,0.543756902217865
38f013a82b26df085e208db03eea295d.SC2Replay,135.0,1,1,0.5743834376335144
38f013a82b26df085e208db03eea295d.SC2Replay,150.0,1,1,0.5619664192199707
38f013a82b26df085e208db03eea295d.SC2Replay,165.0,1,1,0.5506227016448975
38f013a82b26df085e208db03eea295d.SC2Replay,180.0,1,1,0.5638864040374756
38f013a82b26df085e208db03eea295d.SC2Replay,225.0,1,1,0.5487650632858276
38f013a82b26df085e208db03eea295d.SC2Replay,240.0,1,1,0.561647891998291
38f013a82b26df085e208db03eea295d.SC2Replay,255.0,1,1,0.5584313273429871
38f013a82b26df085e208db03eea295d.SC2Replay,285.0,1,1,0.5606880187988281
38f013a82b26df085e208db03eea295d.SC2Replay,300.0,1,1,0.5338857769966125
38f013a82b26df085e208db03eea295d.SC2Replay,315.0,1,1,0.5381954312324524
38f013a82b26df085e208db03eea295d.SC2Replay,330.0,1,1,0.6292523145675659
38f013a82b26df085e208db03eea295d.SC2Replay,390.0,1,1,0.6367008090019226
38f013a82b26df085e208db03eea295d.SC2Replay,420.0,1,1,0.6275381445884705
38f013a82b26df085e208db03eea295d.SC2Replay,435.0,1,1,0.5999267101287842
471eb29f7f2c3f3057074c3b80045176.SC2Replay,150.0,1,1,0.5869495868682861
471eb29f7f2c3f3057074c3b80045176.SC2Replay,165.0,1,1,0.55788254737854
471eb29f7f2c3f3057074c3b80045176.SC2Replay,180.0,1,1,0.5370296835899353
471eb29f7f2c3f3057074c3b80045176.SC2Replay,195.0,1,1,0.5268069505691528
471eb29f7f2c3f3057074c3b80045176.SC2Replay,210.0,1,1,0.5989123582839966
471eb29f7f2c3f3057074c3b80045176.SC2Replay,225.0,1,1,0.510509192943573
471eb29f7f2c3f3057074c3b80045176.SC2Replay,255.0,1,1,0.5364538431167603
471eb29f7f2c3f3057074c3b80045176.SC2Replay,270.0,1,1,0.5476455688476562
471eb29f7f2c3f3057074c3b80045176.SC2Replay,285.0,1,0,0.49041876196861267
471eb29f7f2c3f3057074c3b80045176.SC2Replay,300.0,1,1,0.5016894936561584
471eb29f7f2c3f3057074c3b80045176.SC2Replay,315.0,1,0,0.4981672167778015
471eb29f7f2c3f3057074c3b80045176.SC2Replay,345.0,1,0,0.4800695776939392
471eb29f7f2c3f3057074c3b80045176.SC2Replay,360.0,1,1,0.5325177311897278
471eb29f7f2c3f3057074c3b80045176.SC2Replay,375.0,1,0,0.4803858995437622
471eb29f7f2c3f3057074c3b80045176.SC2Replay,390.0,1,1,0.5325177311897278
471eb29f7f2c3f3057074c3b80045176.SC2Replay,405.0,1,0,0.4869280755519867
471eb29f7f2c3f3057074c3b80045176.SC2Replay,420.0,1,0,0.47117480635643005
471eb29f7f2c3f3057074c3b80045176.SC2Replay,435.0,1,0,0.4777069091796875
471eb29f7f2c3f3057074c3b80045176.SC2Replay,450.0,1,1,0.5634975433349609
471eb29f7f2c3f3057074c3b80045176.SC2Replay,465.0,1,1,0.583098828792572
471eb29f7f2c3f3057074c3b80045176.SC2Replay,480.0,1,0,0.47423139214515686
471eb29f7f2c3f3057074c3b80045176.SC2Replay,495.0,1,0,0.4956434667110443
471eb29f7f2c3f3057074c3b80045176.SC2Replay,510.0,1,0,0.476891428232193
471eb29f7f2c3f3057074c3b80045176.SC2Replay,570.0,1,0,0.4666560888290405
471eb29f7f2c3f3057074c3b80045176.SC2Replay,585.0,1,1,0.5398702621459961
471eb29f7f2c3f3057074c3b80045176.SC2Replay,630.0,1,1,0.5522874593734741
471eb29f7f2c3f3057074c3b80045176.SC2Replay,645.0,1,1,0.5658729672431946
471eb29f7f2c3f3057074c3b80045176.SC2Replay,660.0,1,1,0.5522874593734741
471eb29f7f2c3f3057074c3b80045176.SC2Replay,675.0,1,1,0.6084464192390442
471eb29f7f2c3f3057074c3b80045176.SC2Replay,690.0,1,1,0.6084464192390442
471eb29f7f2c3f3057074c3b80045176.SC2Replay,720.0,1,1,0.5522874593734741
551a889378f332ae5ed0f92fc53591b4.SC2Replay,165.0,1,1,0.5128788948059082
551a889378f332ae5ed0f92fc53591b4.SC2Replay,210.0,1,1,0.5567406415939331
551a889378f332ae5ed0f92fc53591b4.SC2Replay,240.0,1,1,0.5381954312324524
5d8a33978d2a048f5391adf283187002.SC2Replay,135.0,0,1,0.5767950415611267
5d8a33978d2a048f5391adf283187002.SC2Replay,150.0,0,1,0.5960560441017151
5d8a33978d2a048f5391adf283187002.SC2Replay,165.0,0,1,0.5960560441017151
5d8a33978d2a048f5391adf283187002.SC2Replay,195.0,0,1,0.5381954312324524
5d8a33978d2a048f5391adf283187002.SC2Replay,210.0,0,1,0.5306952595710754
5d8a33978d2a048f5391adf283187002.SC2Replay,225.0,0,1,0.5474174618721008
5d8a33978d2a048f5391adf283187002.SC2Replay,315.0,0,1,0.5546794533729553
5d8a33978d2a048f5391adf283187002.SC2Replay,345.0,0,1,0.5726914405822754
5d8a33978d2a048f5391adf283187002.SC2Replay,360.0,0,1,0.5725844502449036
5d8a33978d2a048f5391adf283187002.SC2Replay,390.0,0,1,0.5640078186988831
5d8a33978d2a048f5391adf283187002.SC2Replay,405.0,0,1,0.5403504967689514
5d8a33978d2a048f5391adf283187002.SC2Replay,435.0,0,1,0.5999267101287842
5d8a33978d2a048f5391adf283187002.SC2Replay,450.0,0,1,0.6148244142532349
7b58d27802373dd1c3a9c290c50dd402.SC2Replay,165.0,0,0,0.49965059757232666
7b58d27802373dd1c3a9c290c50dd402.SC2Replay,195.0,0,1,0.5475515723228455
7b58d27802373dd1c3a9c290c50dd402.SC2Replay,225.0,0,1,0.5475515723228455
7b58d27802373dd1c3a9c290c50dd402.SC2Replay,240.0,0,1,0.5475515723228455
7b58d27802373dd1c3a9c290c50dd402.SC2Replay,270.0,0,0,0.4964852035045624
7b58d27802373dd1c3a9c290c50dd402.SC2Replay,300.0,0,0,0.49965059757232666
7b58d27802373dd1c3a9c290c50dd402.SC2Replay,315.0,0,1,0.52586430311203
7b58d27802373dd1c3a9c290c50dd402.SC2Replay,330.0,0,1,0.5081689953804016
7b58d27802373dd1c3a9c290c50dd402.SC2Replay,390.0,0,1,0.5216478705406189
7b58d27802373dd1c3a9c290c50dd402.SC2Replay,405.0,0,1,0.5189835429191589
7b58d27802373dd1c3a9c290c50dd402.SC2Replay,435.0,0,1,0.5077201724052429
7b58d27802373dd1c3a9c290c50dd402.SC2Replay,465.0,0,1,0.5346866250038147
7b58d27802373dd1c3a9c290c50dd402.SC2Replay,540.0,0,1,0.5137679576873779
7b58d27802373dd1c3a9c290c50dd402.SC2Replay,570.0,0,1,0.519071638584137
7b58d27802373dd1c3a9c290c50dd402.SC2Replay,585.0,0,1,0.5594122409820557
7b58d27802373dd1c3a9c290c50dd402.SC2Replay,600.0,0,0,0.4949205219745636
7b58d27802373dd1c3a9c290c50dd402.SC2Replay,615.0,0,0,0.4849822521209717
7b58d27802373dd1c3a9c290c50dd402.SC2Replay,630.0,0,1,0.5121323466300964
7b58d27802373dd1c3a9c290c50dd402.SC2Replay,645.0,0,1,0.5507556200027466
7b58d27802373dd1c3a9c290c50dd402.SC2Replay,660.0,0,1,0.5744404196739197
7b58d27802373dd1c3a9c290c50dd402.SC2Replay,675.0,0,1,0.5672492980957031
7b58d27802373dd1c3a9c290c50dd402.SC2Replay,720.0,0,1,0.6074525713920593
7b58d27802373dd1c3a9c290c50dd402.SC2Replay,780.0,0,0,0.4952198266983032
7b58d27802373dd1c3a9c290c50dd402.SC2Replay,810.0,0,0,0.4747753441333771
7b58d27802373dd1c3a9c290c50dd402.SC2Replay,825.0,0,0,0.4911971390247345
7b58d27802373dd1c3a9c290c50dd402.SC2Replay,855.0,0,0,0.4901806116104126
7b58d27802373dd1c3a9c290c50dd402.SC2Replay,870.0,0,0,0.4701448380947113
7b58d27802373dd1c3a9c290c50dd402.SC2Replay,885.0,0,0,0.460955947637558
7b58d27802373dd1c3a9c290c50dd402.SC2Replay,915.0,0,0,0.46928834915161133
7b58d27802373dd1c3a9c290c50dd402.SC2Replay,930.0,0,0,0.4649389982223511
989b7f6aa83a6027d505e22fe44301ab.SC2Replay,135.0,1,1,0.5548130869865417
989b7f6aa83a6027d505e22fe44301ab.SC2Replay,150.0,1,1,0.5454824566841125
989b7f6aa83a6027d505e22fe44301ab.SC2Replay,180.0,1,1,0.5109207034111023
989b7f6aa83a6027d505e22fe44301ab.SC2Replay,195.0,1,0,0.49796855449676514
989b7f6aa83a6027d505e22fe44301ab.SC2Replay,210.0,1,0,0.49796855449676514
989b7f6aa83a6027d505e22fe44301ab.SC2Replay,225.0,1,1,0.5372286438941956
989b7f6aa83a6027d505e22fe44301ab.SC2Replay,255.0,1,1,0.5324591994285583
989b7f6aa83a6027d505e22fe44301ab.SC2Replay,270.0,1,1,0.5381954312324524
989b7f6aa83a6027d505e22fe44301ab.SC2Replay,285.0,1,1,0.5454824566841125
989b7f6aa83a6027d505e22fe44301ab.SC2Replay,300.0,1,1,0.5381954312324524
989b7f6aa83a6027d505e22fe44301ab.SC2Replay,315.0,1,1,0.5381954312324524
989b7f6aa83a6027d505e22fe44301ab.SC2Replay,330.0,1,1,0.5381954312324524
989b7f6aa83a6027d505e22fe44301ab.SC2Replay,360.0,1,1,0.5193682312965393
989b7f6aa83a6027d505e22fe44301ab.SC2Replay,390.0,1,1,0.5124322175979614
989b7f6aa83a6027d505e22fe44301ab.SC2Replay,420.0,1,0,0.49309661984443665
989b7f6aa83a6027d505e22fe44301ab.SC2Replay,450.0,1,1,0.5445913672447205
989b7f6aa83a6027d505e22fe44301ab.SC2Replay,480.0,1,1,0.5216369032859802
989b7f6aa83a6027d505e22fe44301ab.SC2Replay,495.0,1,1,0.5318933725357056
989b7f6aa83a6027d505e22fe44301ab.SC2Replay,510.0,1,1,0.5368492007255554
989b7f6aa83a6027d505e22fe44301ab.SC2Replay,540.0,1,0,0.4891720414161682
989b7f6aa83a6027d505e22fe44301ab.SC2Replay,555.0,1,1,0.52586430311203
989b7f6aa83a6027d505e22fe44301ab.SC2Replay,570.0,1,1,0.5166482329368591
989b7f6aa83a6027d505e22fe44301ab.SC2Replay,600.0,1,1,0.5215805172920227
989b7f6aa83a6027d505e22fe44301ab.SC2Replay,615.0,1,1,0.5269076228141785
989b7f6aa83a6027d505e22fe44301ab.SC2Replay,645.0,1,1,0.5597188472747803
989b7f6aa83a6027d505e22fe44301ab.SC2Replay,660.0,1,1,0.5644485950469971
9afc53ef96dcfb7a0141461bf210966c.SC2Replay,165.0,0,1,0.5150505900382996
9afc53ef96dcfb7a0141461bf210966c.SC2Replay,195.0,0,1,0.5475515723228455
9afc53ef96dcfb7a0141461bf210966c.SC2Replay,210.0,0,1,0.5474174618721008
9afc53ef96dcfb7a0141461bf210966c.SC2Replay,225.0,0,1,0.5381954312324524
9afc53ef96dcfb7a0141461bf210966c.SC2Replay,270.0,0,1,0.618976354598999
9afc53ef96dcfb7a0141461bf210966c.SC2Replay,285.0,0,1,0.5449364185333252
9afc53ef96dcfb7a0141461bf210966c.SC2Replay,300.0,0,1,0.6189610362052917
9afc53ef96dcfb7a0141461bf210966c.SC2Replay,330.0,0,1,0.5567406415939331
9afc53ef96dcfb7a0141461bf210966c.SC2Replay,345.0,0,1,0.606803297996521
9afc53ef96dcfb7a0141461bf210966c.SC2Replay,360.0,0,1,0.5977635383605957
9afc53ef96dcfb7a0141461bf210966c.SC2Replay,375.0,0,1,0.6136633157730103
9afc53ef96dcfb7a0141461bf210966c.SC2Replay,390.0,0,1,0.5406315326690674
9afc53ef96dcfb7a0141461bf210966c.SC2Replay,405.0,0,1,0.6136633157730103
9afc53ef96dcfb7a0141461bf210966c.SC2Replay,420.0,0,1,0.6001983284950256
9afc53ef96dcfb7a0141461bf210966c.SC2Replay,450.0,0,1,0.6001983284950256
9afc53ef96dcfb7a0141461bf210966c.SC2Replay,465.0,0,1,0.6283664703369141
9afc53ef96dcfb7a0141461bf210966c.SC2Replay,525.0,0,1,0.6021584272384644
9afc53ef96dcfb7a0141461bf210966c.SC2Replay,570.0,0,1,0.6021584272384644
9afc53ef96dcfb7a0141461bf210966c.SC2Replay,600.0,0,1,0.6021584272384644
9afc53ef96dcfb7a0141461bf210966c.SC2Replay,630.0,0,1,0.6021584272384644
9afc53ef96dcfb7a0141461bf210966c.SC2Replay,645.0,0,1,0.5752995610237122
9afc53ef96dcfb7a0141461bf210966c.SC2Replay,675.0,0,1,0.6136633157730103
9afc53ef96dcfb7a0141461bf210966c.SC2Replay,690.0,0,1,0.5736048221588135
9afc53ef96dcfb7a0141461bf210966c.SC2Replay,735.0,0,1,0.6136633157730103
9afc53ef96dcfb7a0141461bf210966c.SC2Replay,750.0,0,1,0.6059368848800659
9afc53ef96dcfb7a0141461bf210966c.SC2Replay,765.0,0,1,0.5928476452827454
9afc53ef96dcfb7a0141461bf210966c.SC2Replay,810.0,0,1,0.597121000289917
9afc53ef96dcfb7a0141461bf210966c.SC2Replay,840.0,0,1,0.6193310618400574
9afc53ef96dcfb7a0141461bf210966c.SC2Replay,855.0,0,1,0.6187918186187744
9afc53ef96dcfb7a0141461bf210966c.SC2Replay,870.0,0,0,0.4887026846408844
9afc53ef96dcfb7a0141461bf210966c.SC2Replay,945.0,0,1,0.5928476452827454
9d1fc9371066d3350463055727cd5fea.SC2Replay,150.0,1,0,0.49965059757232666
9d1fc9371066d3350463055727cd5fea.SC2Replay,165.0,1,0,0.49041876196861267
9d1fc9371066d3350463055727cd5fea.SC2Replay,195.0,1,1,0.5169652700424194
9d1fc9371066d3350463055727cd5fea.SC2Replay,225.0,1,1,0.5169652700424194
9d1fc9371066d3350463055727cd5fea.SC2Replay,240.0,1,1,0.505699634552002
9d1fc9371066d3350463055727cd5fea.SC2Replay,285.0,1,1,0.5040177702903748
9d1fc9371066d3350463055727cd5fea.SC2Replay,315.0,1,1,0.5152850151062012
9d1fc9371066d3350463055727cd5fea.SC2Replay,330.0,1,1,0.5026761293411255
9d1fc9371066d3350463055727cd5fea.SC2Replay,360.0,1,1,0.5373591184616089
a62ce715f974d9749ce8719c3a266563.SC2Replay,150.0,0,1,0.5328346490859985
a62ce715f974d9749ce8719c3a266563.SC2Replay,180.0,0,1,0.5430401563644409
a62ce715f974d9749ce8719c3a266563.SC2Replay,195.0,0,1,0.5430401563644409
a62ce715f974d9749ce8719c3a266563.SC2Replay,225.0,0,1,0.5803396105766296
a62ce715f974d9749ce8719c3a266563.SC2Replay,240.0,0,1,0.6059427857398987
a62ce715f974d9749ce8719c3a266563.SC2Replay,255.0,0,1,0.5424153804779053
a62ce715f974d9749ce8719c3a266563.SC2Replay,270.0,0,1,0.5607224106788635
a62ce715f974d9749ce8719c3a266563.SC2Replay,285.0,0,1,0.5603379011154175
a62ce715f974d9749ce8719c3a266563.SC2Replay,315.0,0,1,0.5467179417610168
a62ce715f974d9749ce8719c3a266563.SC2Replay,360.0,0,1,0.5152850151062012
a62ce715f974d9749ce8719c3a266563.SC2Replay,405.0,0,1,0.5152850151062012
a62ce715f974d9749ce8719c3a266563.SC2Replay,435.0,0,1,0.5040177702903748
a62ce715f974d9749ce8719c3a266563.SC2Replay,450.0,0,1,0.5380514860153198
a62ce715f974d9749ce8719c3a266563.SC2Replay,480.0,0,1,0.5169652700424194
a62ce715f974d9749ce8719c3a266563.SC2Replay,495.0,0,1,0.5169652700424194
a62ce715f974d9749ce8719c3a266563.SC2Replay,540.0,0,1,0.5429983735084534
a62ce715f974d9749ce8719c3a266563.SC2Replay,555.0,0,1,0.5546140074729919
a62ce715f974d9749ce8719c3a266563.SC2Replay,600.0,0,0,0.49186211824417114
a62ce715f974d9749ce8719c3a266563.SC2Replay,645.0,0,0,0.4805992543697357
a62ce715f974d9749ce8719c3a266563.SC2Replay,690.0,0,1,0.5109207034111023
a62ce715f974d9749ce8719c3a266563.SC2Replay,735.0,0,1,0.561449408531189
b11b5fa79debf24fc78c10e7bb3cb02b.SC2Replay,135.0,1,0,0.49965059757232666
b11b5fa79debf24fc78c10e7bb3cb02b.SC2Replay,150.0,1,0,0.49965059757232666
b11b5fa79debf24fc78c10e7bb3cb02b.SC2Replay,165.0,1,0,0.49965059757232666
b11b5fa79debf24fc78c10e7bb3cb02b.SC2Replay,180.0,1,1,0.5381954312324524
b11b5fa79debf24fc78c10e7bb3cb02b.SC2Replay,225.0,1,1,0.5449364185333252
b11b5fa79debf24fc78c10e7bb3cb02b.SC2Replay,240.0,1,1,0.5475515723228455
b11b5fa79debf24fc78c10e7bb3cb02b.SC2Replay,285.0,1,1,0.5016894936561584
b11b5fa79debf24fc78c10e7bb3cb02b.SC2Replay,315.0,1,1,0.5109207034111023
b11b5fa79debf24fc78c10e7bb3cb02b.SC2Replay,345.0,1,1,0.6024551391601562
b11b5fa79debf24fc78c10e7bb3cb02b.SC2Replay,360.0,1,1,0.5513776540756226
b11b5fa79debf24fc78c10e7bb3cb02b.SC2Replay,375.0,1,1,0.576689600944519
b11b5fa79debf24fc78c10e7bb3cb02b.SC2Replay,405.0,1,1,0.5686829686164856
b11b5fa79debf24fc78c10e7bb3cb02b.SC2Replay,420.0,1,1,0.5686829686164856
b11b5fa79debf24fc78c10e7bb3cb02b.SC2Replay,435.0,1,1,0.5666340589523315
b11b5fa79debf24fc78c10e7bb3cb02b.SC2Replay,450.0,1,1,0.5152850151062012
b11b5fa79debf24fc78c10e7bb3cb02b.SC2Replay,495.0,1,1,0.5546503663063049
b11b5fa79debf24fc78c10e7bb3cb02b.SC2Replay,510.0,1,1,0.5000075101852417
b11b5fa79debf24fc78c10e7bb3cb02b.SC2Replay,525.0,1,1,0.5066166520118713
b11b5fa79debf24fc78c10e7bb3cb02b.SC2Replay,585.0,1,1,0.522986888885498
b11b5fa79debf24fc78c10e7bb3cb02b.SC2Replay,600.0,1,1,0.5618892312049866
c2ac0a2d394b3c2fe055cbb562db09d8.SC2Replay,135.0,0,1,0.5381954312324524
c2ac0a2d394b3c2fe055cbb562db09d8.SC2Replay,165.0,0,1,0.5548130869865417
c2ac0a2d394b3c2fe055cbb562db09d8.SC2Replay,180.0,0,1,0.505699634552002
c2ac0a2d394b3c2fe055cbb562db09d8.SC2Replay,195.0,0,1,0.505699634552002
c2ac0a2d394b3c2fe055cbb562db09d8.SC2Replay,240.0,0,1,0.5199657678604126
c844da29fd5f38eb776998316ea330b5.SC2Replay,150.0,0,1,0.5657155513763428
c844da29fd5f38eb776998316ea330b5.SC2Replay,195.0,0,1,0.5531356334686279
c844da29fd5f38eb776998316ea330b5.SC2Replay,210.0,0,1,0.5293636322021484
c844da29fd5f38eb776998316ea330b5.SC2Replay,240.0,0,1,0.5169652700424194
c844da29fd5f38eb776998316ea330b5.SC2Replay,255.0,0,1,0.5434510111808777
c844da29fd5f38eb776998316ea330b5.SC2Replay,270.0,0,1,0.6173471212387085
c844da29fd5f38eb776998316ea330b5.SC2Replay,285.0,0,1,0.6173471212387085
cd19e4210c2ccf43ea4d6bfdbe99255e.SC2Replay,135.0,1,1,0.505699634552002
cd19e4210c2ccf43ea4d6bfdbe99255e.SC2Replay,150.0,1,1,0.505699634552002
cd19e4210c2ccf43ea4d6bfdbe99255e.SC2Replay,180.0,1,1,0.5016894936561584
cd19e4210c2ccf43ea4d6bfdbe99255e.SC2Replay,225.0,1,1,0.5260095596313477
cd19e4210c2ccf43ea4d6bfdbe99255e.SC2Replay,255.0,1,1,0.5293682813644409
cd19e4210c2ccf43ea4d6bfdbe99255e.SC2Replay,270.0,1,1,0.5048311948776245
cd19e4210c2ccf43ea4d6bfdbe99255e.SC2Replay,330.0,1,1,0.5403504967689514
cd19e4210c2ccf43ea4d6bfdbe99255e.SC2Replay,345.0,1,1,0.526302695274353
cd19e4210c2ccf43ea4d6bfdbe99255e.SC2Replay,360.0,1,1,0.5291334986686707
cd19e4210c2ccf43ea4d6bfdbe99255e.SC2Replay,375.0,1,1,0.5169652700424194
cd19e4210c2ccf43ea4d6bfdbe99255e.SC2Replay,390.0,1,1,0.5043581128120422
cd19e4210c2ccf43ea4d6bfdbe99255e.SC2Replay,405.0,1,1,0.5695080161094666
cd19e4210c2ccf43ea4d6bfdbe99255e.SC2Replay,420.0,1,1,0.576689600944519
cd19e4210c2ccf43ea4d6bfdbe99255e.SC2Replay,435.0,1,1,0.5686829686164856
cd19e4210c2ccf43ea4d6bfdbe99255e.SC2Replay,465.0,1,1,0.5152850151062012
cd19e4210c2ccf43ea4d6bfdbe99255e.SC2Replay,495.0,1,1,0.5453191995620728
cd19e4210c2ccf43ea4d6bfdbe99255e.SC2Replay,510.0,1,1,0.5092393755912781
cd19e4210c2ccf43ea4d6bfdbe99255e.SC2Replay,525.0,1,1,0.5191498398780823
cd19e4210c2ccf43ea4d6bfdbe99255e.SC2Replay,540.0,1,1,0.5666340589523315
cd19e4210c2ccf43ea4d6bfdbe99255e.SC2Replay,585.0,1,1,0.58696049451828
cd19e4210c2ccf43ea4d6bfdbe99255e.SC2Replay,600.0,1,1,0.5005677342414856
cd19e4210c2ccf43ea4d6bfdbe99255e.SC2Replay,615.0,1,1,0.5005677342414856
cd19e4210c2ccf43ea4d6bfdbe99255e.SC2Replay,630.0,1,1,0.5005677342414856
cd19e4210c2ccf43ea4d6bfdbe99255e.SC2Replay,645.0,1,0,0.49133560061454773
cd19e4210c2ccf43ea4d6bfdbe99255e.SC2Replay,690.0,1,1,0.6058663725852966
d0a3d83259d13fb8a4277884bcd10ea8.SC2Replay,135.0,0,0,0.49965059757232666
d0a3d83259d13fb8a4277884bcd10ea8.SC2Replay,150.0,0,1,0.5016894936561584
d0a3d83259d13fb8a4277884bcd10ea8.SC2Replay,165.0,0,1,0.505699634552002
d0a3d83259d13fb8a4277884bcd10ea8.SC2Replay,180.0,0,0,0.49041876196861267
d0a3d83259d13fb8a4277884bcd10ea8.SC2Replay,210.0,0,0,0.49965059757232666
d0a3d83259d13fb8a4277884bcd10ea8.SC2Replay,225.0,0,0,0.49965059757232666
d0a3d83259d13fb8a4277884bcd10ea8.SC2Replay,240.0,0,1,0.5016894936561584
d0a3d83259d13fb8a4277884bcd10ea8.SC2Replay,255.0,0,1,0.5016894936561584
d0a3d83259d13fb8a4277884bcd10ea8.SC2Replay,300.0,0,1,0.5169652700424194
d0a3d83259d13fb8a4277884bcd10ea8.SC2Replay,330.0,0,0,0.49816131591796875
d0a3d83259d13fb8a4277884bcd10ea8.SC2Replay,345.0,0,1,0.5152850151062012
d0a3d83259d13fb8a4277884bcd10ea8.SC2Replay,375.0,0,1,0.5317899584770203
d0a3d83259d13fb8a4277884bcd10ea8.SC2Replay,405.0,0,1,0.5169652700424194
d0a3d83259d13fb8a4277884bcd10ea8.SC2Replay,435.0,0,0,0.47836071252822876
d0a3d83259d13fb8a4277884bcd10ea8.SC2Replay,450.0,0,0,0.47836071252822876
d0a3d83259d13fb8a4277884bcd10ea8.SC2Replay,465.0,0,0,0.4875827729701996
d0a3d83259d13fb8a4277884bcd10ea8.SC2Replay,480.0,0,0,0.4953116476535797
d0a3d83259d13fb8a4277884bcd10ea8.SC2Replay,495.0,0,1,0.506583034992218
d0a3d83259d13fb8a4277884bcd10ea8.SC2Replay,510.0,0,1,0.5185964703559875
d0a3d83259d13fb8a4277884bcd10ea8.SC2Replay,525.0,0,1,0.522986888885498
d0a3d83259d13fb8a4277884bcd10ea8.SC2Replay,540.0,0,1,0.5216478705406189
d0a3d83259d13fb8a4277884bcd10ea8.SC2Replay,555.0,0,0,0.481414258480072
d0a3d83259d13fb8a4277884bcd10ea8.SC2Replay,585.0,0,0,0.48261308670043945
d0a3d83259d13fb8a4277884bcd10ea8.SC2Replay,600.0,0,0,0.48261308670043945
d0a3d83259d13fb8a4277884bcd10ea8.SC2Replay,615.0,0,1,0.5096494555473328
d0a3d83259d13fb8a4277884bcd10ea8.SC2Replay,630.0,0,0,0.4990891218185425
d0a3d83259d13fb8a4277884bcd10ea8.SC2Replay,645.0,0,0,0.4849822521209717
d0a3d83259d13fb8a4277884bcd10ea8.SC2Replay,705.0,0,0,0.48261308670043945
d0a3d83259d13fb8a4277884bcd10ea8.SC2Replay,735.0,0,1,0.5602412223815918
d0a3d83259d13fb8a4277884bcd10ea8.SC2Replay,765.0,0,1,0.5602412223815918
d0a3d83259d13fb8a4277884bcd10ea8.SC2Replay,810.0,0,1,0.5695080161094666
d0a3d83259d13fb8a4277884bcd10ea8.SC2Replay,825.0,0,0,0.4942868947982788
d0a3d83259d13fb8a4277884bcd10ea8.SC2Replay,840.0,0,1,0.5177140831947327
d0a3d83259d13fb8a4277884bcd10ea8.SC2Replay,885.0,0,1,0.5021783113479614
d0a3d83259d13fb8a4277884bcd10ea8.SC2Replay,900.0,0,1,0.6059368848800659
d0a3d83259d13fb8a4277884bcd10ea8.SC2Replay,915.0,0,1,0.6150925159454346
d0a3d83259d13fb8a4277884bcd10ea8.SC2Replay,975.0,0,1,0.6339472532272339
d0a3d83259d13fb8a4277884bcd10ea8.SC2Replay,990.0,0,1,0.5008509159088135
d0a3d83259d13fb8a4277884bcd10ea8.SC2Replay,1005.0,0,1,0.5777029395103455
d0a3d83259d13fb8a4277884bcd10ea8.SC2Replay,1020.0,0,1,0.5799424052238464
d0a3d83259d13fb8a4277884bcd10ea8.SC2Replay,1035.0,0,1,0.6365503072738647
d0a3d83259d13fb8a4277884bcd10ea8.SC2Replay,1065.0,0,1,0.6249794363975525
d0a3d83259d13fb8a4277884bcd10ea8.SC2Replay,1080.0,0,1,0.6249794363975525
d0a3d83259d13fb8a4277884bcd10ea8.SC2Replay,1095.0,0,1,0.6249794363975525
d0a3d83259d13fb8a4277884bcd10ea8.SC2Replay,1110.0,0,1,0.6249794363975525
d0a3d83259d13fb8a4277884bcd10ea8.SC2Replay,1170.0,0,1,0.6079719066619873
d0a3d83259d13fb8a4277884bcd10ea8.SC2Replay,1185.0,0,1,0.6079719066619873
d0a3d83259d13fb8a4277884bcd10ea8.SC2Replay,1200.0,0,1,0.5035699009895325
d0a3d83259d13fb8a4277884bcd10ea8.SC2Replay,1215.0,0,1,0.5747808218002319
d0a3d83259d13fb8a4277884bcd10ea8.SC2Replay,1230.0,0,1,0.6082109808921814
d30951085dc27d8aef3ad065dbd226e0.SC2Replay,135.0,1,1,0.5328346490859985
d30951085dc27d8aef3ad065dbd226e0.SC2Replay,150.0,1,1,0.5370296835899353
d30951085dc27d8aef3ad065dbd226e0.SC2Replay,165.0,1,1,0.5513967871665955
d30951085dc27d8aef3ad065dbd226e0.SC2Replay,180.0,1,1,0.5175924301147461
d30951085dc27d8aef3ad065dbd226e0.SC2Replay,195.0,1,1,0.5989123582839966
d30951085dc27d8aef3ad065dbd226e0.SC2Replay,225.0,1,1,0.5109207034111023
d30951085dc27d8aef3ad065dbd226e0.SC2Replay,240.0,1,0,0.49041876196861267
d30951085dc27d8aef3ad065dbd226e0.SC2Replay,255.0,1,1,0.5279245972633362
d30951085dc27d8aef3ad065dbd226e0.SC2Replay,270.0,1,1,0.5134462714195251
d30951085dc27d8aef3ad065dbd226e0.SC2Replay,300.0,1,1,0.5475515723228455
d30951085dc27d8aef3ad065dbd226e0.SC2Replay,345.0,1,0,0.49377620220184326
d30951085dc27d8aef3ad065dbd226e0.SC2Replay,375.0,1,0,0.48797231912612915
d30951085dc27d8aef3ad065dbd226e0.SC2Replay,420.0,1,0,0.48887282609939575
e259ffff0023efd73c94a3e302decaa3.SC2Replay,150.0,1,1,0.5421954393386841
e259ffff0023efd73c94a3e302decaa3.SC2Replay,165.0,1,1,0.5293636322021484
e259ffff0023efd73c94a3e302decaa3.SC2Replay,195.0,1,1,0.5433993339538574
e259ffff0023efd73c94a3e302decaa3.SC2Replay,210.0,1,1,0.505699634552002
e259ffff0023efd73c94a3e302decaa3.SC2Replay,225.0,1,1,0.5152850151062012
e259ffff0023efd73c94a3e302decaa3.SC2Replay,240.0,1,1,0.6189610362052917
e259ffff0023efd73c94a3e302decaa3.SC2Replay,270.0,1,1,0.5183851718902588
e259ffff0023efd73c94a3e302decaa3.SC2Replay,285.0,1,1,0.6139845252037048
e259ffff0023efd73c94a3e302decaa3.SC2Replay,300.0,1,1,0.5291334986686707
e259ffff0023efd73c94a3e302decaa3.SC2Replay,315.0,1,1,0.5987475514411926
e259ffff0023efd73c94a3e302decaa3.SC2Replay,390.0,1,1,0.5231620073318481
e259ffff0023efd73c94a3e302decaa3.SC2Replay,420.0,1,1,0.5885612964630127
e259ffff0023efd73c94a3e302decaa3.SC2Replay,435.0,1,1,0.526373028755188
e259ffff0023efd73c94a3e302decaa3.SC2Replay,450.0,1,1,0.5527890920639038
e259ffff0023efd73c94a3e302decaa3.SC2Replay,510.0,1,1,0.6041411757469177
e259ffff0023efd73c94a3e302decaa3.SC2Replay,525.0,1,1,0.6339472532272339
e259ffff0023efd73c94a3e302decaa3.SC2Replay,540.0,1,1,0.622994065284729
e259ffff0023efd73c94a3e302decaa3.SC2Replay,555.0,1,1,0.5579789280891418
e259ffff0023efd73c94a3e302decaa3.SC2Replay,570.0,1,1,0.6430419087409973
e71113ea77e8bee7c7546ad3b175cc94.SC2Replay,150.0,1,1,0.5547279119491577
e71113ea77e8bee7c7546ad3b175cc94.SC2Replay,165.0,1,1,0.5547279119491577
e71113ea77e8bee7c7546ad3b175cc94.SC2Replay,180.0,1,1,0.5619664192199707
e71113ea77e8bee7c7546ad3b175cc94.SC2Replay,195.0,1,1,0.513408899307251
e71113ea77e8bee7c7546ad3b175cc94.SC2Replay,210.0,1,1,0.513408899307251
e71113ea77e8bee7c7546ad3b175cc94.SC2Replay,225.0,1,1,0.5372359156608582
e71113ea77e8bee7c7546ad3b175cc94.SC2Replay,240.0,1,1,0.505699634552002
e71113ea77e8bee7c7546ad3b175cc94.SC2Replay,255.0,1,1,0.5109207034111023
e71113ea77e8bee7c7546ad3b175cc94.SC2Replay,285.0,1,0,0.49965059757232666
e71113ea77e8bee7c7546ad3b175cc94.SC2Replay,300.0,1,1,0.5372286438941956
e71113ea77e8bee7c7546ad3b175cc94.SC2Replay,375.0,1,1,0.5291334986686707
e71113ea77e8bee7c7546ad3b175cc94.SC2Replay,390.0,1,1,0.5454824566841125
e71113ea77e8bee7c7546ad3b175cc94.SC2Replay,435.0,1,1,0.505699634552002
e71113ea77e8bee7c7546ad3b175cc94.SC2Replay,450.0,1,1,0.5546794533729553
e71113ea77e8bee7c7546ad3b175cc94.SC2Replay,465.0,1,1,0.5169652700424194
e71113ea77e8bee7c7546ad3b175cc94.SC2Replay,510.0,1,1,0.5323173403739929
e71113ea77e8bee7c7546ad3b175cc94.SC2Replay,525.0,1,1,0.5250030159950256
e71113ea77e8bee7c7546ad3b175cc94.SC2Replay,555.0,1,1,0.5250030159950256
e71113ea77e8bee7c7546ad3b175cc94.SC2Replay,570.0,1,1,0.5250030159950256
e71113ea77e8bee7c7546ad3b175cc94.SC2Replay,585.0,1,1,0.5246639847755432
e71113ea77e8bee7c7546ad3b175cc94.SC2Replay,600.0,1,1,0.5250030159950256
e71113ea77e8bee7c7546ad3b175cc94.SC2Replay,615.0,1,1,0.5250030159950256
e71113ea77e8bee7c7546ad3b175cc94.SC2Replay,645.0,1,1,0.5250030159950256
e71113ea77e8bee7c7546ad3b175cc94.SC2Replay,660.0,1,1,0.5223711729049683
e71113ea77e8bee7c7546ad3b175cc94.SC2Replay,675.0,1,1,0.5464375615119934
e71113ea77e8bee7c7546ad3b175cc94.SC2Replay,720.0,1,1,0.5291334986686707
e71113ea77e8bee7c7546ad3b175cc94.SC2Replay,750.0,1,0,0.497027188539505
e71113ea77e8bee7c7546ad3b175cc94.SC2Replay,765.0,1,0,0.4817529618740082
e71113ea77e8bee7c7546ad3b175cc94.SC2Replay,780.0,1,1,0.5187608599662781
e71113ea77e8bee7c7546ad3b175cc94.SC2Replay,795.0,1,1,0.5777908563613892
e71113ea77e8bee7c7546ad3b175cc94.SC2Replay,810.0,1,1,0.55327308177948
e71113ea77e8bee7c7546ad3b175cc94.SC2Replay,825.0,1,1,0.5500864386558533
e71113ea77e8bee7c7546ad3b175cc94.SC2Replay,840.0,1,1,0.5462654829025269
e71113ea77e8bee7c7546ad3b175cc94.SC2Replay,885.0,1,1,0.5895300507545471
e71113ea77e8bee7c7546ad3b175cc94.SC2Replay,930.0,1,1,0.5500864386558533
e71113ea77e8bee7c7546ad3b175cc94.SC2Replay,945.0,1,1,0.5568785071372986
e71113ea77e8bee7c7546ad3b175cc94.SC2Replay,960.0,1,1,0.5355364680290222
e71113ea77e8bee7c7546ad3b175cc94.SC2Replay,975.0,1,1,0.5500864386558533
e71113ea77e8bee7c7546ad3b175cc94.SC2Replay,990.0,1,1,0.5428112745285034
e71113ea77e8bee7c7546ad3b175cc94.SC2Replay,1005.0,1,1,0.5473688244819641
e73c843eccf176d466f81126d33efe54.SC2Replay,165.0,0,1,0.5437489748001099
e73c843eccf176d466f81126d33efe54.SC2Replay,180.0,0,1,0.5628834366798401
e73c843eccf176d466f81126d33efe54.SC2Replay,195.0,0,1,0.5548130869865417
e73c843eccf176d466f81126d33efe54.SC2Replay,225.0,0,1,0.5567406415939331
e73c843eccf176d466f81126d33efe54.SC2Replay,240.0,0,1,0.5639721751213074
e73c843eccf176d466f81126d33efe54.SC2Replay,255.0,0,1,0.5567406415939331
e73c843eccf176d466f81126d33efe54.SC2Replay,285.0,0,1,0.5381242632865906
e73c843eccf176d466f81126d33efe54.SC2Replay,315.0,0,1,0.5150505900382996
e73c843eccf176d466f81126d33efe54.SC2Replay,330.0,0,1,0.5374112725257874
e73c843eccf176d466f81126d33efe54.SC2Replay,360.0,0,1,0.5187693238258362
e73c843eccf176d466f81126d33efe54.SC2Replay,375.0,0,1,0.5150505900382996
e73c843eccf176d466f81126d33efe54.SC2Replay,390.0,0,1,0.552119791507721
e73c843eccf176d466f81126d33efe54.SC2Replay,420.0,0,1,0.5813751220703125
e73c843eccf176d466f81126d33efe54.SC2Replay,450.0,0,1,0.5356919169425964
e73c843eccf176d466f81126d33efe54.SC2Replay,465.0,0,1,0.6136633157730103
e73c843eccf176d466f81126d33efe54.SC2Replay,480.0,0,1,0.6136633157730103
e73c843eccf176d466f81126d33efe54.SC2Replay,495.0,0,1,0.6136633157730103
e73c843eccf176d466f81126d33efe54.SC2Replay,510.0,0,1,0.6001983284950256
e73c843eccf176d466f81126d33efe54.SC2Replay,525.0,0,1,0.6136633157730103
e73c843eccf176d466f81126d33efe54.SC2Replay,540.0,0,1,0.5434510111808777
e73c843eccf176d466f81126d33efe54.SC2Replay,555.0,0,1,0.6136633157730103
e73c843eccf176d466f81126d33efe54.SC2Replay,585.0,0,1,0.6193310618400574
e73c843eccf176d466f81126d33efe54.SC2Replay,600.0,0,1,0.5047126412391663
e73c843eccf176d466f81126d33efe54.SC2Replay,615.0,0,1,0.6193310618400574
e73c843eccf176d466f81126d33efe54.SC2Replay,630.0,0,1,0.6193310618400574
e73c843eccf176d466f81126d33efe54.SC2Replay,660.0,0,1,0.6275381445884705
e73c843eccf176d466f81126d33efe54.SC2Replay,705.0,0,1,0.6149421334266663
e73c843eccf176d466f81126d33efe54.SC2Replay,720.0,0,1,0.6149421334266663
e73c843eccf176d466f81126d33efe54.SC2Replay,735.0,0,1,0.6149421334266663
e73c843eccf176d466f81126d33efe54.SC2Replay,750.0,0,1,0.6339472532272339
e73c843eccf176d466f81126d33efe54.SC2Replay,765.0,0,1,0.6275381445884705
e73c843eccf176d466f81126d33efe54.SC2Replay,780.0,0,1,0.6261702179908752
e73c843eccf176d466f81126d33efe54.SC2Replay,795.0,0,1,0.5559531450271606
e73c843eccf176d466f81126d33efe54.SC2Replay,810.0,0,1,0.5637205243110657
e73c843eccf176d466f81126d33efe54.SC2Replay,825.0,0,1,0.6367008090019226
e73c843eccf176d466f81126d33efe54.SC2Replay,840.0,0,1,0.6299468874931335
e73c843eccf176d466f81126d33efe54.SC2Replay,900.0,0,0,0.4805075228214264
e73c843eccf176d466f81126d33efe54.SC2Replay,930.0,0,1,0.6275381445884705
e73c843eccf176d466f81126d33efe54.SC2Replay,945.0,0,1,0.6275381445884705
e73c843eccf176d466f81126d33efe54.SC2Replay,960.0,0,1,0.6275381445884705
ee9009a0e10c18af1c006319cbaa0544.SC2Replay,135.0,1,1,0.5991109013557434
ee9009a0e10c18af1c006319cbaa0544.SC2Replay,150.0,1,1,0.5971498489379883
ee9009a0e10c18af1c006319cbaa0544.SC2Replay,165.0,1,1,0.5260095596313477
ee9009a0e10c18af1c006319cbaa0544.SC2Replay,180.0,1,1,0.5134462714195251
ee9009a0e10c18af1c006319cbaa0544.SC2Replay,195.0,1,1,0.542966902256012
ee9009a0e10c18af1c006319cbaa0544.SC2Replay,210.0,1,1,0.5169652700424194
ee9009a0e10c18af1c006319cbaa0544.SC2Replay,300.0,1,1,0.6283664703369141
ee9009a0e10c18af1c006319cbaa0544.SC2Replay,315.0,1,1,0.6004819869995117
ee9009a0e10c18af1c006319cbaa0544.SC2Replay,345.0,1,1,0.5092393755912781
ee9009a0e10c18af1c006319cbaa0544.SC2Replay,390.0,1,1,0.505699634552002
ee9009a0e10c18af1c006319cbaa0544.SC2Replay,435.0,1,1,0.5863056778907776
ee9009a0e10c18af1c006319cbaa0544.SC2Replay,450.0,1,0,0.4914051294326782
f22834a15249bcd319a564f21f7e4fd7.SC2Replay,135.0,1,1,0.5657155513763428
f22834a15249bcd319a564f21f7e4fd7.SC2Replay,150.0,1,1,0.5657155513763428
f22834a15249bcd319a564f21f7e4fd7.SC2Replay,195.0,1,1,0.5508658289909363
f22834a15249bcd319a564f21f7e4fd7.SC2Replay,210.0,1,1,0.5763811469078064
f22834a15249bcd319a564f21f7e4fd7.SC2Replay,255.0,1,0,0.47317075729370117
f63b9df6a0142448b289e42292b0e8a9.SC2Replay,135.0,0,1,0.5320708751678467
f63b9df6a0142448b289e42292b0e8a9.SC2Replay,180.0,0,1,0.5328346490859985
f63b9df6a0142448b289e42292b0e8a9.SC2Replay,210.0,0,1,0.5268069505691528
f63b9df6a0142448b289e42292b0e8a9.SC2Replay,225.0,0,1,0.5268069505691528
f63b9df6a0142448b289e42292b0e8a9.SC2Replay,270.0,0,0,0.49041876196861267
f63b9df6a0142448b289e42292b0e8a9.SC2Replay,285.0,0,1,0.5739758014678955
f63b9df6a0142448b289e42292b0e8a9.SC2Replay,315.0,0,1,0.5317899584770203
f63b9df6a0142448b289e42292b0e8a9.SC2Replay,330.0,0,1,0.505699634552002
f6eb2a1d991c5a9fb0623227a164de20.SC2Replay,165.0,0,1,0.505699634552002
f6eb2a1d991c5a9fb0623227a164de20.SC2Replay,180.0,0,1,0.5475515723228455
f6eb2a1d991c5a9fb0623227a164de20.SC2Replay,195.0,0,1,0.5548130869865417
f6eb2a1d991c5a9fb0623227a164de20.SC2Replay,210.0,0,1,0.5475515723228455
f6eb2a1d991c5a9fb0623227a164de20.SC2Replay,225.0,0,1,0.5160976648330688
f6eb2a1d991c5a9fb0623227a164de20.SC2Replay,255.0,0,1,0.5048311948776245
f6eb2a1d991c5a9fb0623227a164de20.SC2Replay,285.0,0,1,0.5475515723228455
f6eb2a1d991c5a9fb0623227a164de20.SC2Replay,300.0,0,1,0.5475515723228455
f6eb2a1d991c5a9fb0623227a164de20.SC2Replay,330.0,0,1,0.5475515723228455
f6eb2a1d991c5a9fb0623227a164de20.SC2Replay,345.0,0,1,0.5539819598197937
f6eb2a1d991c5a9fb0623227a164de20.SC2Replay,360.0,0,1,0.5335580110549927
f6eb2a1d991c5a9fb0623227a164de20.SC2Replay,390.0,0,1,0.5842925906181335
f6eb2a1d991c5a9fb0623227a164de20.SC2Replay,405.0,0,1,0.5546503663063049
f6eb2a1d991c5a9fb0623227a164de20.SC2Replay,465.0,0,1,0.5594122409820557
f6eb2a1d991c5a9fb0623227a164de20.SC2Replay,480.0,0,1,0.5525873303413391
f6eb2a1d991c5a9fb0623227a164de20.SC2Replay,540.0,0,1,0.5546503663063049
f6eb2a1d991c5a9fb0623227a164de20.SC2Replay,555.0,0,1,0.5453191995620728
f6eb2a1d991c5a9fb0623227a164de20.SC2Replay,570.0,0,0,0.47964927554130554
f6eb2a1d991c5a9fb0623227a164de20.SC2Replay,615.0,0,1,0.5525873303413391
f6eb2a1d991c5a9fb0623227a164de20.SC2Replay,645.0,0,0,0.48887282609939575
f6eb2a1d991c5a9fb0623227a164de20.SC2Replay,660.0,0,1,0.5702080726623535
f6eb2a1d991c5a9fb0623227a164de20.SC2Replay,675.0,0,0,0.48887282609939575
f6eb2a1d991c5a9fb0623227a164de20.SC2Replay,690.0,0,0,0.4649389982223511
f6eb2a1d991c5a9fb0623227a164de20.SC2Replay,735.0,0,1,0.5828549861907959
f6eb2a1d991c5a9fb0623227a164de20.SC2Replay,750.0,0,0,0.4952615797519684
f6eb2a1d991c5a9fb0623227a164de20.SC2Replay,780.0,0,1,0.5104823708534241
f6eb2a1d991c5a9fb0623227a164de20.SC2Replay,795.0,0,1,0.5442124605178833
fd2f7f6de61f04336e69ed810219630c.SC2Replay,135.0,1,1,0.5630121231079102
fd2f7f6de61f04336e69ed810219630c.SC2Replay,150.0,1,1,0.5537638664245605
fd2f7f6de61f04336e69ed810219630c.SC2Replay,165.0,1,1,0.5583806037902832
fd2f7f6de61f04336e69ed810219630c.SC2Replay,180.0,1,1,0.5743972063064575
fd2f7f6de61f04336e69ed810219630c.SC2Replay,210.0,1,1,0.5768940448760986
fd2f7f6de61f04336e69ed810219630c.SC2Replay,240.0,1,1,0.5261638164520264
fd2f7f6de61f04336e69ed810219630c.SC2Replay,255.0,1,1,0.561647891998291
fd2f7f6de61f04336e69ed810219630c.SC2Replay,285.0,1,1,0.5584313273429871
fd2f7f6de61f04336e69ed810219630c.SC2Replay,300.0,1,1,0.6027204394340515
fd2f7f6de61f04336e69ed810219630c.SC2Replay,315.0,1,1,0.5788118839263916
fd2f7f6de61f04336e69ed810219630c.SC2Replay,330.0,1,1,0.5707751512527466
fd2f7f6de61f04336e69ed810219630c.SC2Replay,345.0,1,1,0.5889933109283447
fd2f7f6de61f04336e69ed810219630c.SC2Replay,360.0,1,1,0.6403319239616394
fd2f7f6de61f04336e69ed810219630c.SC2Replay,375.0,1,1,0.5355720520019531
fd2f7f6de61f04336e69ed810219630c.SC2Replay,390.0,1,1,0.640316903591156
fd2f7f6de61f04336e69ed810219630c.SC2Replay,405.0,1,1,0.5436288118362427
fd2f7f6de61f04336e69ed810219630c.SC2Replay,450.0,1,1,0.6278408765792847
fd2f7f6de61f04336e69ed810219630c.SC2Replay,465.0,1,1,0.6292523145675659
fd2f7f6de61f04336e69ed810219630c.SC2Replay,510.0,1,1,0.5415568351745605
fd2f7f6de61f04336e69ed810219630c.SC2Replay,540.0,1,1,0.6427276134490967
fd2f7f6de61f04336e69ed810219630c.SC2Replay,555.0,1,1,0.5342605710029602
fd2f7f6de61f04336e69ed810219630c.SC2Replay,570.0,1,1,0.6282728910446167
fd2f7f6de61f04336e69ed810219630c.SC2Replay,585.0,1,1,0.5385604500770569
fd2f7f6de61f04336e69ed810219630c.SC2Replay,600.0,1,1,0.6348274946212769
fd2f7f6de61f04336e69ed810219630c.SC2Replay,615.0,1,1,0.6292523145675659
fd2f7f6de61f04336e69ed810219630c.SC2Replay,675.0,1,1,0.6006644368171692
fd2f7f6de61f04336e69ed810219630c.SC2Replay,690.0,1,1,0.6485255360603333
fd2f7f6de61f04336e69ed810219630c.SC2Replay,705.0,1,1,0.603430449962616
fd2f7f6de61f04336e69ed810219630c.SC2Replay,750.0,1,1,0.6422277688980103
fd2f7f6de61f04336e69ed810219630c.SC2Replay,765.0,1,1,0.614102303981781
fd2f7f6de61f04336e69ed810219630c.SC2Replay,780.0,1,1,0.5986524820327759
fd2f7f6de61f04336e69ed810219630c.SC2Replay,795.0,1,1,0.5741928219795227
fd2f7f6de61f04336e69ed810219630c.SC2Replay,810.0,1,1,0.5833874344825745
fd64ff691cd16a6f6deae7d9bc70fed8.SC2Replay,135.0,1,1,0.5943307876586914
fd64ff691cd16a6f6deae7d9bc70fed8.SC2Replay,150.0,1,1,0.5823950171470642
fd64ff691cd16a6f6deae7d9bc70fed8.SC2Replay,165.0,1,1,0.5683797597885132
fd64ff691cd16a6f6deae7d9bc70fed8.SC2Replay,180.0,1,1,0.5921230912208557
fd64ff691cd16a6f6deae7d9bc70fed8.SC2Replay,195.0,1,1,0.6244574785232544
fd64ff691cd16a6f6deae7d9bc70fed8.SC2Replay,210.0,1,1,0.5860041975975037
fd64ff691cd16a6f6deae7d9bc70fed8.SC2Replay,225.0,1,1,0.5989123582839966
fd64ff691cd16a6f6deae7d9bc70fed8.SC2Replay,240.0,1,1,0.5860041975975037
fd64ff691cd16a6f6deae7d9bc70fed8.SC2Replay,255.0,1,1,0.5434959530830383
fd64ff691cd16a6f6deae7d9bc70fed8.SC2Replay,285.0,1,1,0.6054418683052063
fd64ff691cd16a6f6deae7d9bc70fed8.SC2Replay,300.0,1,1,0.6145800948143005
fd64ff691cd16a6f6deae7d9bc70fed8.SC2Replay,315.0,1,1,0.5312077403068542
fd64ff691cd16a6f6deae7d9bc70fed8.SC2Replay,330.0,1,1,0.6188578605651855
fd64ff691cd16a6f6deae7d9bc70fed8.SC2Replay,345.0,1,1,0.5381954312324524
fd64ff691cd16a6f6deae7d9bc70fed8.SC2Replay,360.0,1,1,0.5919114947319031
fd64ff691cd16a6f6deae7d9bc70fed8.SC2Replay,375.0,1,1,0.5626426935195923
fd64ff691cd16a6f6deae7d9bc70fed8.SC2Replay,390.0,1,1,0.5471692681312561
fd64ff691cd16a6f6deae7d9bc70fed8.SC2Replay,405.0,1,1,0.578999936580658
fd64ff691cd16a6f6deae7d9bc70fed8.SC2Replay,420.0,1,1,0.5713433027267456
fd64ff691cd16a6f6deae7d9bc70fed8.SC2Replay,435.0,1,1,0.536871612071991
fd64ff691cd16a6f6deae7d9bc70fed8.SC2Replay,480.0,1,0,0.488604873418808
fd64ff691cd16a6f6deae7d9bc70fed8.SC2Replay,495.0,1,1,0.5204147696495056
fd64ff691cd16a6f6deae7d9bc70fed8.SC2Replay,510.0,1,1,0.5219184756278992
fd64ff691cd16a6f6deae7d9bc70fed8.SC2Replay,540.0,1,1,0.5287802815437317
fd64ff691cd16a6f6deae7d9bc70fed8.SC2Replay,555.0,1,1,0.6226750016212463
fd64ff691cd16a6f6deae7d9bc70fed8.SC2Replay,585.0,1,1,0.6275381445884705
fd64ff691cd16a6f6deae7d9bc70fed8.SC2Replay,645.0,1,1,0.6275381445884705
fd64ff691cd16a6f6deae7d9bc70fed8.SC2Replay,690.0,1,1,0.6143345236778259
fd64ff691cd16a6f6deae7d9bc70fed8.SC2Replay,705.0,1,1,0.578135073184967
fd64ff691cd16a6f6deae7d9bc70fed8.SC2Replay,735.0,1,1,0.6485255360603333
fd64ff691cd16a6f6deae7d9bc70fed8.SC2Replay,750.0,1,1,0.6269930005073547
fd64ff691cd16a6f6deae7d9bc70fed8.SC2Replay,765.0,1,1,0.6269930005073547
fd64ff691cd16a6f6deae7d9bc70fed8.SC2Replay,810.0,1,1,0.5905600190162659
fd64ff691cd16a6f6deae7d9bc70fed8.SC2Replay,825.0,1,1,0.5477378964424133
fd64ff691cd16a6f6deae7d9bc70fed8.SC2Replay,840.0,1,1,0.6339472532272339
fd64ff691cd16a6f6deae7d9bc70fed8.SC2Replay,870.0,1,1,0.6142048835754395
fd64ff691cd16a6f6deae7d9bc70fed8.SC2Replay,900.0,1,1,0.6205350160598755
fd64ff691cd16a6f6deae7d9bc70fed8.SC2Replay,915.0,1,1,0.6269930005073547
fd64ff691cd16a6f6deae7d9bc70fed8.SC2Replay,930.0,1,1,0.6106662154197693
fd64ff691cd16a6f6deae7d9bc70fed8.SC2Replay,945.0,1,1,0.6205350160598755
fd64ff691cd16a6f6deae7d9bc70fed8.SC2Replay,960.0,1,1,0.6142048835754395
fd64ff691cd16a6f6deae7d9bc70fed8.SC2Replay,975.0,1,1,0.6339472532272339
fd64ff691cd16a6f6deae7d9bc70fed8.SC2Replay,990.0,1,1,0.6275381445884705
fd64ff691cd16a6f6deae7d9bc70fed8.SC2Replay,1005.0,1,1,0.6339472532272339
fd64ff691cd16a6f6deae7d9bc70fed8.SC2Replay,1020.0,1,1,0.6339472532272339
fd64ff691cd16a6f6deae7d9bc70fed8.SC2Replay,1050.0,1,1,0.6339472532272339
fd64ff691cd16a6f6deae7d9bc70fed8.SC2Replay,1095.0,1,1,0.6275381445884705
fd64ff691cd16a6f6deae7d9bc70fed8.SC2Replay,1110.0,1,1,0.6275381445884705
fd64ff691cd16a6f6deae7d9bc70fed8.SC2Replay,1140.0,1,1,0.5127149820327759
fd64ff691cd16a6f6deae7d9bc70fed8.SC2Replay,1155.0,1,1,0.6275381445884705
fd64ff691cd16a6f6deae7d9bc70fed8.SC2Replay,1215.0,1,1,0.5566921830177307
fd64ff691cd16a6f6deae7d9bc70fed8.SC2Replay,1245.0,1,1,0.5792559385299683
fd64ff691cd16a6f6deae7d9bc70fed8.SC2Replay,1260.0,1,1,0.5956219434738159
fd64ff691cd16a6f6deae7d9bc70fed8.SC2Replay,1305.0,1,1,0.6205350160598755
fd64ff691cd16a6f6deae7d9bc70fed8.SC2Replay,1320.0,1,1,0.5600321292877197
fe38e02632c09344452066e1e06531f7.SC2Replay,135.0,1,1,0.5581059455871582
fe38e02632c09344452066e1e06531f7.SC2Replay,165.0,1,1,0.5989123582839966
fe38e02632c09344452066e1e06531f7.SC2Replay,180.0,1,1,0.5581059455871582
fe38e02632c09344452066e1e06531f7.SC2Replay,195.0,1,1,0.5521302223205566
fe38e02632c09344452066e1e06531f7.SC2Replay,210.0,1,1,0.5582818984985352
fe38e02632c09344452066e1e06531f7.SC2Replay,225.0,1,1,0.5510311722755432
fe38e02632c09344452066e1e06531f7.SC2Replay,240.0,1,1,0.5430401563644409
fe38e02632c09344452066e1e06531f7.SC2Replay,270.0,1,1,0.6153448820114136
fe38e02632c09344452066e1e06531f7.SC2Replay,285.0,1,1,0.6083737015724182
fe38e02632c09344452066e1e06531f7.SC2Replay,300.0,1,1,0.5644736289978027
fe38e02632c09344452066e1e06531f7.SC2Replay,330.0,1,1,0.5713592171669006
fe38e02632c09344452066e1e06531f7.SC2Replay,360.0,1,1,0.5453891754150391
fe38e02632c09344452066e1e06531f7.SC2Replay,405.0,1,1,0.5000424385070801
fe38e02632c09344452066e1e06531f7.SC2Replay,435.0,1,1,0.5586482882499695
fe38e02632c09344452066e1e06531f7.SC2Replay,480.0,1,1,0.558470606803894
fe38e02632c09344452066e1e06531f7.SC2Replay,495.0,1,1,0.5595341324806213
fe38e02632c09344452066e1e06531f7.SC2Replay,510.0,1,1,0.5522874593734741
fe38e02632c09344452066e1e06531f7.SC2Replay,525.0,1,1,0.5522874593734741
fe38e02632c09344452066e1e06531f7.SC2Replay,555.0,1,1,0.5416549444198608
fe38e02632c09344452066e1e06531f7.SC2Replay,585.0,1,1,0.5890427827835083
fe38e02632c09344452066e1e06531f7.SC2Replay,600.0,1,1,0.5910288095474243
fe38e02632c09344452066e1e06531f7.SC2Replay,615.0,1,1,0.5761590003967285
fe38e02632c09344452066e1e06531f7.SC2Replay,645.0,1,1,0.6132196187973022
fe38e02632c09344452066e1e06531f7.SC2Replay,660.0,1,1,0.6132196187973022
fe38e02632c09344452066e1e06531f7.SC2Replay,675.0,1,1,0.558470606803894
fe38e02632c09344452066e1e06531f7.SC2Replay,705.0,1,1,0.5768502354621887
fe38e02632c09344452066e1e06531f7.SC2Replay,720.0,1,1,0.6162845492362976
fe38e02632c09344452066e1e06531f7.SC2Replay,765.0,1,1,0.5902549028396606
fe38e02632c09344452066e1e06531f7.SC2Replay,795.0,1,1,0.506825864315033
fe38e02632c09344452066e1e06531f7.SC2Replay,810.0,1,1,0.5172078609466553
fe38e02632c09344452066e1e06531f7.SC2Replay,840.0,1,1,0.5323010683059692
fe38e02632c09344452066e1e06531f7.SC2Replay,855.0,1,1,0.5284761786460876
fe38e02632c09344452066e1e06531f7.SC2Replay,885.0,1,1,0.5659207105636597
fe38e02632c09344452066e1e06531f7.SC2Replay,915.0,1,1,0.5902633666992188
fe38e02632c09344452066e1e06531f7.SC2Replay,945.0,1,1,0.6319913864135742
fe38e02632c09344452066e1e06531f7.SC2Replay,960.0,1,1,0.6017511487007141
fe38e02632c09344452066e1e06531f7.SC2Replay,975.0,1,1,0.6119951605796814
fe38e02632c09344452066e1e06531f7.SC2Replay,1005.0,1,1,0.5902549028396606
fe38e02632c09344452066e1e06531f7.SC2Replay,1020.0,1,1,0.5322926044464111
fe38e02632c09344452066e1e06531f7.SC2Replay,1035.0,1,1,0.540936291217804
fe38e02632c09344452066e1e06531f7.SC2Replay,1050.0,1,1,0.5896275639533997
fe38e02632c09344452066e1e06531f7.SC2Replay,1065.0,1,1,0.6382976770401001
fe38e02632c09344452066e1e06531f7.SC2Replay,1080.0,1,1,0.6319913864135742
fe38e02632c09344452066e1e06531f7.SC2Replay,1095.0,1,1,0.634882390499115
fe38e02632c09344452066e1e06531f7.SC2Replay,1110.0,1,1,0.6141721606254578
fe38e02632c09344452066e1e06531f7.SC2Replay,1155.0,1,1,0.5232471823692322
fe38e02632c09344452066e1e06531f7.SC2Replay,1170.0,1,1,0.506825864315033
fe38e02632c09344452066e1e06531f7.SC2Replay,1215.0,1,1,0.5172078609466553
fe38e02632c09344452066e1e06531f7.SC2Replay,1230.0,1,1,0.5257655382156372
fe38e02632c09344452066e1e06531f7.SC2Replay,1245.0,1,1,0.5409271121025085
